,status,time,LoanOriginalAmount2,IsBorrowerHomeowner
0,0,1193,1.0,1
1,0,182,0.6,0
2,0,385,0.22,0
3,0,847,0.5,0
4,0,233,0.23,0
5,0,249,0.1,1
6,1,363,0.1,0
7,0,97,0.4,1
8,0,210,0.3,1
9,0,146,0.22,1
10,1,213,0.12,1
11,1,241,1.0,1
12,1,486,0.2,1
13,1,457,0.75,1
14,1,152,0.3001,1
15,0,1096,0.1,1
16,0,136,0.2,1
17,1,1003,1.75,0
18,0,1052,0.1,1
19,0,1096,0.75,1
20,0,1096,0.18,1
21,0,693,0.65,0
22,0,30,0.1,0
23,1,151,0.2,1
24,0,1096,0.2,1
25,0,205,0.35,1
26,0,270,0.3001,1
27,1,242,0.25,1
28,0,1096,0.4,1
29,1,274,0.3035,1
30,0,166,0.5,1
31,0,223,0.5,0
32,0,915,0.5,1
33,0,609,0.3,1
34,0,1096,0.1,1
35,0,767,0.1,0
36,1,883,0.35,0
37,0,1096,0.68,0
38,1,517,0.15,1
39,0,76,0.6001,1
40,0,91,0.7,1
41,0,26,0.1,1
42,1,182,0.25,1
43,1,304,0.17,1
44,0,234,0.5,0
45,1,363,0.15,1
46,0,1096,0.8,0
47,1,305,0.95,1
48,0,937,0.1,0
49,0,384,0.1,0
50,1,305,1.35,0
51,0,41,0.5,1
52,0,1096,1.95,0
53,0,1096,0.3,1
54,0,455,0.15,1
55,0,19,0.255,1
56,1,395,0.3,0
57,0,973,0.4,0
58,0,1096,0.3,1
59,0,880,0.98,1
60,1,668,0.1,1
61,0,657,0.25,0
62,1,212,0.2,1
63,0,354,1.2,1
64,0,125,0.1,1
65,0,265,0.25,1
66,0,1096,0.3001,0
67,0,202,0.3,0
68,1,272,0.255,1
69,0,152,0.3,1
70,1,425,0.4,1
71,0,910,0.19,1
72,0,715,0.5,1
73,1,274,0.5,1
74,1,333,1.5,1
75,1,456,0.3,1
76,0,1096,0.5,0
77,0,419,0.4,1
78,0,200,0.1,0
79,0,1096,0.445,0
80,0,1104,0.3,1
81,1,274,0.3001,1
82,0,800,0.37,0
83,0,994,0.5,1
84,1,363,0.55,1
85,1,151,0.3,1
86,0,32,0.12,1
87,0,1075,1.05,1
88,0,158,1.0,0
89,0,1130,0.55,1
90,1,213,0.25,0
91,1,243,0.12,1
92,1,182,0.2,1
93,0,897,0.35,1
94,1,548,0.9,0
95,0,581,1.0,0
96,0,22,0.3,1
97,0,398,0.35,1
98,0,142,0.1,1
99,0,1096,0.5,1
100,1,486,0.1,1
101,0,163,0.85,1
102,0,1096,0.5,1
103,0,1096,0.3001,1
104,1,211,0.255,1
105,1,701,0.6,1
106,1,242,0.3,1
107,0,1096,0.255,1
108,1,333,0.25,1
109,0,57,0.1,0
110,0,1096,0.284,1
111,0,1096,0.255,1
112,0,1096,0.25,1
113,0,812,0.5,1
114,1,333,0.75,1
115,0,1083,0.6001,1
116,0,476,0.35,0
117,1,516,1.0,0
118,0,86,0.18,0
119,0,1043,1.15,1
120,0,834,0.15,1
121,0,103,0.1,1
122,1,455,0.42,1
123,0,1064,0.255,1
124,1,303,0.25,1
125,0,308,0.6001,1
126,0,1103,0.75,1
127,0,827,0.775,1
128,0,1096,0.1,1
129,0,1096,0.6,1
130,1,151,0.3,0
131,1,242,0.2025,1
132,0,73,0.325,1
133,0,1096,1.8,0
134,0,316,0.15,1
135,0,1084,0.5,0
136,0,277,1.2,1
137,1,669,2.0,1
138,0,443,0.325,1
139,1,152,0.1,1
140,1,212,0.5,1
141,1,1067,0.2,1
142,0,126,0.16,1
143,1,274,0.2,1
144,0,127,0.32,1
145,0,274,0.5,0
146,0,553,0.3,1
147,1,241,1.0,0
148,0,1096,0.1,0
149,0,1096,0.7,1
150,0,365,0.3,1
151,0,14,0.25,0
152,1,152,0.26,1
153,1,761,1.45,1
154,0,1096,0.2501,1
155,0,1096,0.15,0
156,1,731,0.3,1
157,0,1096,1.19,0
158,0,172,0.28,0
159,0,1096,0.9,0
160,0,1096,0.5,0
161,0,178,0.1,1
162,0,127,0.4,1
163,0,232,0.3001,0
164,0,1120,0.77,1
165,0,1096,1.0,1
166,0,781,0.3,1
167,0,1093,0.3,0
168,0,83,0.25,1
169,0,1096,0.35,1
170,0,447,0.5,1
171,0,952,1.9,1
172,0,1096,0.2,0
173,1,486,2.5,0
174,0,1064,0.6001,1
175,0,1050,0.1,1
176,0,775,1.3,1
177,1,151,0.5,1
178,0,345,0.1,1
179,0,1096,2.5,1
180,0,1096,1.025,0
181,0,491,0.5,0
182,1,213,0.25,0
183,0,1119,0.5,1
184,1,363,1.0,0
185,1,486,0.1,1
186,0,1096,1.1,1
187,1,424,0.15,0
188,0,753,0.65,1
189,0,1096,0.5,1
190,0,1096,1.2,1
191,0,1096,0.9,0
192,1,335,0.1,0
193,0,1076,0.12,0
194,1,608,0.278,1
195,0,1096,0.15,1
196,1,1034,0.75,0
197,0,928,0.6,1
198,1,394,0.15,1
199,0,1096,0.45,1
200,1,244,0.1,1
201,0,1056,0.6,1
202,1,274,0.2,1
203,0,975,0.5,1
204,1,303,1.4,1
205,0,1096,0.45,1
206,0,1096,0.1,1
207,0,1096,0.5,0
208,0,1096,0.35,0
209,0,1096,0.5,0
210,0,1096,0.3,0
211,0,608,0.1,1
212,0,1096,0.1,1
213,0,564,0.1,0
214,0,1021,0.7,1
215,1,379,0.13,1
216,1,486,0.1325,1
217,0,361,0.3,1
218,0,1096,0.25,0
219,0,1096,0.5,1
220,0,119,0.15,0
221,0,395,1.5,1
222,0,641,0.1,1
223,1,182,0.1,1
224,0,397,0.12,1
225,1,394,1.1,1
226,0,1096,0.35,1
227,0,84,0.2,0
228,0,783,0.5,0
229,1,152,0.5,1
230,0,359,0.25,1
231,1,151,0.61,1
232,0,236,0.1,1
233,0,211,0.7,1
234,0,1096,0.179,0
235,0,370,0.5,0
236,0,835,1.2,0
237,0,141,0.22,1
238,0,1096,0.5,1
239,0,1065,0.255,1
240,0,1096,1.0,0
241,0,1096,0.15,1
242,0,590,0.135,1
243,0,1111,0.4001,1
244,0,1096,0.1,1
245,0,1096,0.5,1
246,0,1096,0.305,0
247,0,1072,0.99,0
248,0,476,0.4,1
249,0,1096,0.8,0
250,1,241,0.2,1
251,0,866,1.0,1
252,0,863,0.1,1
253,0,1096,0.1,1
254,1,182,1.2,1
255,0,917,0.255,1
256,0,410,0.255,1
257,0,301,1.2,0
258,0,1096,0.3,1
259,0,1096,1.0,0
260,1,425,0.52,0
261,1,364,0.4,1
262,1,183,0.255,1
263,0,620,0.6,1
264,0,931,0.6,1
265,1,213,0.7,0
266,1,1036,0.255,0
267,0,594,0.3,1
268,0,1096,0.95,0
269,0,1096,0.45,1
270,0,866,0.5,1
271,0,1096,0.2025,1
272,0,356,1.55,0
273,0,631,0.4,1
274,1,243,0.3,1
275,1,366,0.5,1
276,1,183,0.75,0
277,0,182,0.1,0
278,0,882,1.0,1
279,1,455,0.1603,1
280,0,1096,0.1,0
281,1,333,0.85,1
282,0,122,0.4,0
283,0,1096,0.3998,1
284,0,1156,0.255,1
285,0,1096,0.11699999999999999,1
286,0,1130,0.38,0
287,0,1096,0.3,1
288,0,838,0.51,0
289,0,7,0.3,1
290,0,72,0.1,1
291,0,756,0.2,0
292,0,184,0.436,1
293,0,1035,0.3,1
294,0,1096,0.25,1
295,0,1096,0.28,1
296,0,1096,1.0,0
297,1,394,0.35,1
298,1,333,0.4,1
299,0,353,0.4,1
300,0,1107,0.1,1
301,0,438,0.425,1
302,0,1096,0.35,0
303,0,315,0.45,1
304,0,243,0.23,0
305,1,486,0.85,1
306,0,1096,0.32,1
307,1,455,0.95,1
308,0,532,0.3,1
309,0,1096,2.0,1
310,1,182,0.3,1
311,0,1084,0.5,0
312,1,151,0.2,1
313,0,1109,0.1,1
314,0,407,0.3,1
315,1,884,0.1,1
316,1,302,0.1,1
317,1,213,0.1,1
318,0,1071,0.2555,1
319,1,274,0.3001,0
320,0,1109,0.15,1
321,0,35,0.3,1
322,0,1091,0.2,1
323,0,1096,2.0,0
324,0,550,0.4,1
325,0,577,0.25,0
326,1,274,0.3,1
327,0,1096,0.29,1
328,0,493,0.5,1
329,0,1096,0.1,1
330,0,315,0.1,1
331,0,297,0.65,1
332,0,513,0.5,1
333,1,272,1.0,1
334,0,1096,0.475,1
335,0,1096,0.58,0
336,0,273,0.1925,1
337,0,1096,0.5,1
338,1,272,0.1,0
339,1,243,0.6,1
340,0,1111,0.49,0
341,0,868,0.51,1
342,1,302,1.5,0
343,0,538,0.2,0
344,1,916,0.2,1
345,1,364,0.52,0
346,0,1096,0.4,1
347,0,1096,0.16,1
348,1,272,0.4,1
349,0,23,0.2,1
350,0,340,0.255,0
351,0,66,0.12,1
352,0,1096,0.3,1
353,1,274,0.3,1
354,0,539,0.7,1
355,0,623,0.109,1
356,0,1196,2.0,1
357,1,152,0.255,1
358,0,318,0.29,1
359,0,1096,0.38,1
360,0,1066,0.4271,0
361,1,335,0.3025,1
362,0,595,2.0,0
363,0,1096,0.3001,1
364,1,241,0.2525,1
365,0,449,1.5,0
366,1,608,0.5,0
367,0,119,0.255,0
368,0,1005,1.28,1
369,0,1096,1.0,1
370,0,1096,0.1805,1
371,0,95,0.255,1
372,0,1096,0.4,1
373,0,1096,0.8925,0
374,0,991,0.2599,1
375,1,290,1.0,0
376,0,895,0.1,1
377,0,1096,0.5,0
378,1,394,0.18,0
379,0,353,0.25,0
380,0,1107,0.1,1
381,0,718,0.35,1
382,0,449,0.3,1
383,0,1096,0.25,1
384,0,1096,0.5,0
385,0,443,0.3,1
386,1,182,0.275,1
387,0,6,0.15,0
388,0,317,0.2,1
389,1,1097,0.1,1
390,1,394,0.51,1
391,1,425,0.3,0
392,0,724,0.12,1
393,0,341,1.0,1
394,0,981,0.5,1
395,0,930,0.18,1
396,0,456,0.45,1
397,0,270,0.2,1
398,0,1096,1.0,0
399,0,572,0.2,1
400,1,211,0.1,1
401,1,213,0.15,0
402,0,1096,0.3,0
403,0,524,0.6,1
404,0,1096,0.25,1
405,1,394,0.25,1
406,0,1026,0.1,1
407,0,98,0.1,1
408,0,7,0.85,1
409,0,1096,0.465,1
410,0,1096,0.12,1
411,0,1131,0.4,0
412,0,81,0.25,1
413,0,1078,0.1,1
414,1,305,0.3,1
415,0,1043,0.75,1
416,0,1096,0.5,1
417,0,454,0.4,1
418,0,1037,0.25,1
419,0,519,0.285,0
420,0,1019,0.2,1
421,0,154,0.7,1
422,1,455,0.35,1
423,0,753,0.25,1
424,0,203,0.2,1
425,0,137,1.5,1
426,0,1068,0.4,1
427,0,1096,0.32,1
428,0,1096,0.1,0
429,0,267,0.51,1
430,1,397,1.0,0
431,0,1096,0.165,1
432,1,182,0.28,1
433,0,1096,0.15,1
434,1,608,0.35,0
435,0,1096,0.2995,1
436,0,345,0.1,0
437,0,57,0.1,1
438,1,394,0.15,1
439,1,732,0.4,1
440,0,105,0.25,1
441,0,1096,0.3,1
442,0,677,0.58,1
443,0,1107,0.1,0
444,1,152,0.5,1
445,0,700,0.26,1
446,0,533,1.57,1
447,1,333,0.205,0
448,0,771,0.5,1
449,0,1030,0.3,1
450,0,475,0.4,1
451,1,333,0.7,1
452,0,1026,0.5,1
453,1,425,0.2,0
454,0,641,0.3,0
455,0,308,0.25,1
456,0,868,0.5,0
457,0,552,0.3,1
458,0,321,0.3,0
459,1,243,0.3,0
460,0,1168,0.2,0
461,0,1096,0.4,1
462,0,584,1.5,1
463,0,1096,0.5,0
464,0,988,0.14,1
465,1,730,0.3,0
466,0,133,0.385,1
467,0,77,0.1,0
468,1,822,0.1,0
469,1,425,0.25,1
470,0,427,0.3,0
471,0,207,0.2,1
472,1,242,0.1,1
473,0,580,0.2,1
474,1,274,0.6,1
475,0,973,0.15,0
476,0,668,0.3,1
477,0,309,0.1,1
478,0,310,0.1527,0
479,0,377,0.25,1
480,1,213,0.55,0
481,0,981,0.25,0
482,0,273,2.5,0
483,1,151,0.13,1
484,1,183,0.2,1
485,1,794,0.295,1
486,0,1013,1.55,0
487,0,1096,0.4,1
488,0,1096,0.6001,1
489,0,1097,0.255,1
490,0,143,0.255,1
491,0,1042,1.5,1
492,0,81,0.65,1
493,0,41,0.3,0
494,0,224,0.16,1
495,0,820,0.6001,1
496,0,1096,0.1,1
497,1,274,0.3,1
498,1,730,0.62,0
499,0,1096,0.3001,1
500,0,1048,0.275,1
501,0,540,0.5407,0
502,0,65,0.15,1
503,0,1096,0.95,1
504,0,237,0.3,0
505,1,1127,0.3,1
506,0,588,0.25,0
507,0,223,0.5,1
508,0,1096,0.1,1
509,0,126,0.3,1
510,0,1096,0.3,0
511,1,333,0.12,1
512,0,823,1.6,0
513,0,39,0.25,1
514,0,1096,0.4,0
515,1,241,0.25,1
516,0,1096,0.31,1
517,0,120,0.3,1
518,0,1096,0.58,1
519,0,322,0.73,0
520,1,272,0.29,1
521,0,395,0.1,1
522,1,182,0.3,1
523,1,302,0.15,1
524,1,243,0.5,1
525,0,1096,0.95,0
526,0,575,0.5,1
527,1,243,0.1,1
528,0,472,0.3,0
529,0,707,0.3,1
530,0,1077,0.1,0
531,0,1095,0.58,1
532,0,1096,0.5,0
533,0,374,0.4,1
534,0,903,0.1,0
535,0,707,0.29,0
536,0,585,0.2,0
537,0,312,0.38,0
538,1,366,0.32,1
539,0,1096,0.15,1
540,0,1096,0.3,0
541,1,152,0.75,0
542,0,344,0.2849,1
543,0,1096,0.3,0
544,0,85,0.12,0
545,0,1096,0.35,0
546,0,1096,0.3001,0
547,1,241,0.1,0
548,0,922,0.3,0
549,1,699,1.0,0
550,1,517,0.5,1
551,0,1005,0.3,1
552,0,1114,0.255,1
553,0,806,0.5,0
554,0,364,0.25,0
555,0,1096,0.5,0
556,0,542,0.45,1
557,0,429,0.3,1
558,0,792,0.7,0
559,1,455,0.1,1
560,0,761,0.255,1
561,0,711,1.85,1
562,0,567,1.5,1
563,0,44,0.5,0
564,0,1096,1.0,1
565,0,425,0.3,1
566,0,1076,0.4,0
567,0,525,0.3,1
568,1,213,0.33,1
569,1,547,0.1,1
570,0,155,0.255,1
571,0,859,0.3,1
572,1,183,0.2,1
573,0,104,0.1,1
574,0,811,0.3,0
575,1,397,0.255,0
576,0,489,0.35,1
577,1,211,0.375,1
578,0,1096,1.5,0
579,0,974,0.1,1
580,0,759,0.11,1
581,0,360,0.1,1
582,0,342,0.15,0
583,1,272,0.17,1
584,0,1096,0.1,1
585,0,527,0.1,1
586,0,1031,0.3,1
587,0,547,0.3,0
588,0,518,0.3,1
589,1,211,1.5,0
590,0,140,0.26,1
591,0,182,0.1,1
592,0,52,0.5,0
593,0,1096,0.255,1
594,1,243,0.3,1
595,1,302,0.1,1
596,0,1096,2.0,0
597,0,883,0.25,0
598,0,1096,0.3,1
599,1,241,0.1,1
600,0,1066,0.75,1
601,0,184,0.2,0
602,1,333,0.175,1
603,1,213,0.255,1
604,0,535,2.5,1
605,0,1096,0.3001,0
606,0,57,0.1,0
607,1,212,1.5001,1
608,1,944,0.255,1
609,0,209,0.3,1
610,0,541,0.15,0
611,0,1096,0.2,0
612,0,137,0.1,1
613,0,1096,1.56,1
614,0,497,0.5,0
615,1,304,0.45,1
616,1,394,1.505,0
617,0,368,0.1,1
618,0,1096,0.4,0
619,0,410,0.6,0
620,1,305,0.35,1
621,1,303,0.1,1
622,0,932,1.63,1
623,0,1096,0.1,1
624,0,70,0.1,1
625,0,1096,0.73,1
626,0,1098,0.55,1
627,0,157,0.3,1
628,0,1096,0.3,0
629,0,762,0.8,0
630,0,917,0.5,0
631,1,364,0.2,1
632,0,90,0.262,1
633,0,251,0.1,1
634,1,395,0.5,1
635,0,351,0.1361,0
636,1,274,0.255,1
637,0,1096,0.5,0
638,1,305,0.5,1
639,0,667,0.5,0
640,1,212,0.5,1
641,0,161,0.22899999999999998,0
642,0,1113,0.9,1
643,1,182,0.36,1
644,0,834,0.1,1
645,1,333,0.2,0
646,1,213,0.255,1
647,0,539,0.25,1
648,0,1107,0.5,1
649,1,212,0.2,1
650,1,305,0.8,1
651,1,182,0.2,1
652,0,1105,0.255,1
653,0,1014,0.1,1
654,0,1096,0.3,1
655,1,182,0.125,1
656,0,972,0.6001,1
657,0,1096,0.1,1
658,1,152,0.22,1
659,0,405,0.15,1
660,0,1096,2.5,1
661,0,1096,0.175,1
662,0,617,0.25,1
663,0,594,0.3,0
664,1,424,0.3,1
665,1,333,1.0,1
666,1,335,0.3001,1
667,0,1096,0.255,1
668,0,1096,0.275,1
669,0,929,0.94,1
670,1,424,0.255,1
671,0,1096,0.75,1
672,0,136,1.1,0
673,0,1096,0.1,1
674,0,976,0.5,1
675,1,305,0.3,0
676,0,1096,0.575,0
677,0,784,0.1,1
678,0,462,0.5,0
679,1,517,0.3001,1
680,0,217,0.17,1
681,0,53,0.15,0
682,0,1096,2.5,0
683,0,798,0.9,0
684,0,898,0.1,1
685,0,409,1.0,0
686,1,394,0.5255,1
687,0,1071,0.1,0
688,0,1096,0.415,0
689,0,740,0.255,1
690,0,1096,0.29,0
691,1,458,0.3,1
692,0,1096,0.7,1
693,0,1096,0.255,1
694,1,182,0.1,1
695,1,1219,0.3,0
696,0,986,0.4,1
697,0,1096,0.22,0
698,0,1089,0.125,0
699,0,554,0.26,1
700,0,703,0.75,0
701,1,182,0.33,1
702,0,486,0.28,1
703,0,1096,0.3,1
704,0,160,0.33,0
705,0,1071,0.8,0
706,1,333,1.0,1
707,0,252,0.2,1
708,1,151,1.0,1
709,0,1096,1.1,1
710,0,477,1.06,1
711,1,151,0.1,1
712,0,675,0.19,1
713,1,333,0.3001,0
714,0,1096,1.0,1
715,0,250,0.3,1
716,0,966,0.3,1
717,1,151,0.12,0
718,0,531,0.2,1
719,0,229,0.15,0
720,1,151,0.15,1
721,0,358,0.75,0
722,1,183,0.4,0
723,0,548,0.3001,0
724,0,1096,0.75,1
725,1,364,0.3,1
726,0,1096,0.65,1
727,0,1096,0.5,0
728,0,1065,0.3,1
729,1,395,0.3,1
730,0,71,0.3001,1
731,0,1096,0.75,0
732,1,395,0.1,0
733,0,795,0.2,1
734,0,650,0.4,0
735,0,858,0.9,1
736,1,547,0.48,0
737,0,769,0.5,1
738,1,213,0.3,1
739,0,230,0.51,1
740,1,364,0.3,0
741,0,757,0.8,0
742,0,1096,0.5,1
743,0,1096,1.0,0
744,0,105,0.33,1
745,0,1096,0.4,1
746,1,333,1.0,1
747,0,407,0.3,1
748,0,1096,0.5,0
749,0,490,0.1,1
750,0,1103,0.255,1
751,0,304,0.25,1
752,1,1097,0.1,0
753,0,1096,0.15,1
754,0,269,0.2,1
755,1,212,0.255,1
756,0,101,0.5,1
757,0,1096,0.1205,1
758,1,578,0.5,1
759,0,1096,0.3,1
760,1,333,0.11,1
761,0,60,0.1,1
762,0,945,0.35,1
763,0,946,0.5,0
764,0,34,0.2,1
765,1,213,0.7,0
766,1,213,0.5,1
767,0,1071,2.0,0
768,1,244,0.3001,0
769,1,305,0.25,1
770,1,914,0.5,1
771,0,539,2.5,0
772,0,829,1.0,0
773,0,1096,0.305,0
774,0,311,0.34,1
775,0,475,0.3001,1
776,1,363,0.6,1
777,0,1096,0.3,0
778,0,731,0.26,0
779,0,882,0.4,1
780,0,237,0.75,1
781,0,1096,0.43,1
782,1,424,0.37,1
783,1,305,0.3,1
784,1,241,0.2,0
785,1,1218,0.18,1
786,1,333,0.5,1
787,1,211,0.175,0
788,0,578,0.3,1
789,0,1096,0.7,1
790,0,1092,0.255,1
791,0,1096,1.2,0
792,0,771,0.7,1
793,1,182,0.3001,1
794,0,371,0.2003,1
795,1,211,0.3,1
796,1,364,0.4,1
797,0,376,0.3,1
798,0,1096,0.95,0
799,1,394,0.5,0
800,0,475,0.17,1
801,0,974,1.0,1
802,0,1029,0.3,1
803,1,243,0.6,1
804,1,335,0.1,1
805,0,789,0.11,1
806,0,1096,1.0001,0
807,0,151,0.9,0
808,1,274,1.0,0
809,0,190,0.1,0
810,0,1008,0.15,1
811,1,364,0.25,1
812,0,1092,0.3,1
813,0,416,0.255,1
814,1,517,0.6,1
815,0,761,0.3,1
816,1,364,0.4,1
817,0,1096,0.18,0
818,0,623,0.66,1
819,0,964,0.25,1
820,0,335,0.5,1
821,0,1107,0.25,1
822,0,1096,1.0,1
823,0,728,0.3,1
824,0,946,0.33,0
825,0,160,0.3,1
826,0,1066,0.16,1
827,0,803,0.4,0
828,1,730,1.2,1
829,0,537,0.65,1
830,0,1035,0.1,1
831,0,1037,0.2425,1
832,0,1002,0.1,0
833,0,314,0.15,1
834,0,595,0.62,1
835,0,475,0.22,0
836,1,242,0.1,1
837,0,434,0.3,1
838,0,163,1.1,1
839,0,84,0.165,1
840,0,696,0.3,1
841,0,658,0.4,1
842,1,333,0.3,1
843,0,59,0.1,0
844,1,795,0.5,0
845,0,1096,0.13,1
846,1,182,0.8,0
847,1,182,0.5,0
848,0,1096,0.4,0
849,0,322,0.284,1
850,1,516,1.5,0
851,0,129,0.12,1
852,0,1105,1.52,0
853,1,516,0.16,1
854,0,1003,1.25,1
855,0,794,0.3,1
856,0,168,0.29,0
857,0,1096,0.2,0
858,0,1126,0.18,0
859,1,608,1.25,0
860,0,259,0.45,1
861,0,1096,0.5,0
862,1,701,0.7,0
863,0,127,0.255,1
864,0,982,0.5,1
865,0,827,0.15,1
866,0,563,1.0,0
867,0,953,0.2501,1
868,1,244,0.3,0
869,0,132,0.15,1
870,0,413,0.95,1
871,1,152,0.25,1
872,0,1071,0.3,1
873,0,139,0.3,1
874,0,675,0.125,1
875,0,98,0.3,0
876,0,847,0.8701,0
877,0,306,0.3,1
878,0,1096,0.7,1
879,0,145,0.2,0
880,0,155,0.255,1
881,0,1004,0.1,1
882,0,1096,0.5,1
883,0,261,1.0,1
884,0,1063,0.3,1
885,1,272,0.3,1
886,0,853,0.255,1
887,0,64,0.7,0
888,0,42,0.25,1
889,1,213,0.8,1
890,0,1096,0.2,1
891,0,1096,0.2,0
892,0,76,0.95,0
893,0,608,0.4999,1
894,0,874,0.15,1
895,0,133,0.255,1
896,1,272,0.35,0
897,0,1096,0.15,0
898,0,537,0.1,1
899,0,1096,0.3,1
900,1,517,2.5,1
901,0,1096,0.7,0
902,0,1081,0.1,1
903,1,213,0.3001,1
904,0,424,0.32,0
905,0,493,0.4,1
906,1,244,0.3,1
907,0,241,0.1,1
908,0,404,0.6002,1
909,1,241,0.15,0
910,1,212,0.8,1
911,0,1096,0.2,1
912,1,241,0.1,1
913,0,1096,0.5,1
914,1,1036,0.3,1
915,0,672,1.2,1
916,0,806,1.0,0
917,0,333,0.3,1
918,1,243,0.3,1
919,1,152,0.2,0
920,0,663,0.5,1
921,0,190,0.32,1
922,0,326,1.5736,1
923,0,333,1.0,0
924,1,1219,0.6001,1
925,0,1096,0.18,1
926,0,958,0.3,1
927,0,1096,0.25,1
928,0,567,0.1,1
929,1,366,0.1,1
930,0,848,0.1,1
931,1,182,0.31,1
932,0,1087,0.3031,1
933,1,425,0.255,0
934,0,884,0.12,1
935,0,64,0.55,0
936,0,1096,0.85,0
937,0,161,0.5,1
938,0,196,0.3,1
939,0,1096,0.21,1
940,1,213,0.3,1
941,0,1096,0.33,0
942,0,1096,0.6001,1
943,1,578,0.12,1
944,0,452,0.58,0
945,0,567,0.23,0
946,0,22,0.325,0
947,1,729,0.9,1
948,0,1096,0.45,1
949,0,497,0.6001,1
950,1,854,0.5,0
951,0,132,0.3,0
952,0,1096,0.5,1
953,0,190,0.255,1
954,0,181,0.5,0
955,0,434,0.35,1
956,0,711,2.5,0
957,0,251,0.1,0
958,0,89,0.54,0
959,1,243,1.0001,1
960,0,583,0.78,1
961,0,159,0.3,1
962,0,274,0.6,1
963,1,842,0.3,0
964,0,155,0.3001,1
965,1,974,2.5,1
966,0,1043,0.3001,1
967,0,789,0.29,1
968,0,636,0.15,0
969,0,1096,0.5995,0
970,0,855,0.6,1
971,1,333,0.65,1
972,0,449,0.1,1
973,0,332,0.25,0
974,0,911,0.3,1
975,0,860,0.3,1
976,1,1189,2.0,0
977,0,1096,0.55,1
978,0,586,0.4275,0
979,1,333,0.75,0
980,1,333,0.6001,1
981,1,944,0.2,1
982,0,1096,1.0,0
983,0,581,0.5,1
984,1,333,0.1,1
985,0,295,0.63,0
986,0,917,0.25,0
987,0,24,0.1001,1
988,0,1096,0.5,0
989,0,264,1.0,0
990,1,242,0.3,1
991,0,1096,0.4,1
992,1,455,1.6,1
993,0,1096,0.255,1
994,0,102,0.3,0
995,0,192,0.4,0
996,0,1098,0.3,1
997,1,243,0.3,1
998,0,1096,0.7,1
999,0,1096,0.3,1
1000,0,533,1.0,1
1001,0,446,0.1025,0
1002,0,1018,0.6,1
1003,1,855,0.1,1
1004,1,333,0.2,0
1005,0,1096,0.65,0
1006,0,126,0.255,1
1007,0,1109,0.35,0
1008,0,1096,0.1,1
1009,0,648,0.44,1
1010,1,242,0.21,0
1011,1,944,0.25,1
1012,0,45,0.2,0
1013,0,578,0.6,1
1014,0,972,0.5,0
1015,0,258,0.44,1
1016,1,303,0.3,0
1017,1,486,0.25,0
1018,0,1059,0.2,1
1019,0,1096,0.32,1
1020,0,1096,0.15,1
1021,0,1096,0.2,0
1022,1,152,0.125,0
1023,0,1029,0.4,1
1024,0,1096,0.295,1
1025,0,1096,0.1,1
1026,0,1096,0.29,1
1027,1,517,1.0,0
1028,1,211,0.1,1
1029,0,1096,2.2,0
1030,0,92,0.4,0
1031,0,715,0.75,0
1032,1,333,0.27,0
1033,1,333,0.7,1
1034,0,327,1.0,1
1035,1,182,0.3001,1
1036,0,652,1.5,0
1037,0,663,0.1,1
1038,0,413,0.9825,1
1039,0,1001,1.9,0
1040,0,1096,1.3,1
1041,1,486,0.255,1
1042,0,354,0.1,1
1043,0,609,0.1,1
1044,1,244,0.3031,1
1045,1,241,0.45,1
1046,0,1075,0.43,0
1047,0,1096,0.55,1
1048,0,1066,1.2,0
1049,0,1096,0.25,1
1050,0,253,0.3,0
1051,0,776,0.5099,1
1052,1,182,1.0001,0
1053,0,20,0.45,0
1054,1,455,0.34,1
1055,0,172,1.0,0
1056,0,70,0.1,0
1057,0,254,1.5,0
1058,0,1096,0.4,1
1059,1,547,0.1,1
1060,0,968,0.5,1
1061,0,257,0.2,1
1062,0,1035,1.5,0
1063,0,1096,0.3,0
1064,0,335,0.5,1
1065,0,1107,0.6,0
1066,1,272,0.3,1
1067,0,825,0.3,1
1068,0,808,1.0,0
1069,0,121,0.15,0
1070,1,333,0.6,1
1071,0,639,0.49,1
1072,0,201,0.1036,0
1073,0,1096,0.1,0
1074,0,1096,0.3,1
1075,0,118,0.75,1
1076,0,1096,0.275,1
1077,0,1096,0.3,1
1078,1,303,0.255,1
1079,1,424,1.3,0
1080,0,114,0.1,1
1081,1,242,0.3,1
1082,0,1084,0.1,1
1083,0,1096,0.15,1
1084,0,388,1.79,0
1085,0,1096,0.3,0
1086,0,1096,0.46,1
1087,0,1100,0.475,0
1088,0,1096,0.96,0
1089,0,642,0.3,1
1090,1,303,0.1782,1
1091,1,363,0.3,1
1092,1,333,0.11,1
1093,0,357,0.27,1
1094,0,21,0.1,1
1095,1,151,0.2,1
1096,0,1096,1.1,0
1097,0,1096,0.1,1
1098,1,213,0.45,1
1099,0,61,0.49,0
1100,1,364,0.8,1
1101,1,151,0.2025,1
1102,0,1096,0.45,0
1103,1,244,0.65,0
1104,1,213,0.3,0
1105,0,763,0.2,0
1106,0,1053,0.2,1
1107,0,1096,0.31,1
1108,1,363,0.305,1
1109,1,242,0.255,1
1110,1,486,0.255,1
1111,1,182,0.26,1
1112,0,600,0.3,1
1113,0,1096,1.0001,1
1114,1,425,0.35,0
1115,1,333,0.1525,1
1116,1,425,0.36,1
1117,0,1096,0.3,1
1118,0,178,0.6001,1
1119,0,889,0.3,1
1120,1,183,0.14,0
1121,1,274,1.6,0
1122,0,1096,0.15,1
1123,1,272,1.2,0
1124,0,140,0.255,1
1125,1,516,0.5,1
1126,0,516,0.5,0
1127,0,626,2.5,0
1128,0,643,0.75,1
1129,0,1096,0.5,0
1130,0,377,0.3,1
1131,1,274,0.105,1
1132,0,371,0.3,1
1133,1,304,0.2526,1
1134,1,456,0.15,1
1135,0,308,0.99,0
1136,0,211,0.1,1
1137,0,1096,0.155,0
1138,1,333,0.2025,1
1139,0,379,0.4001,0
1140,0,1096,0.11,1
1141,0,769,0.12,1
1142,0,489,0.5,1
1143,0,346,0.8,0
1144,0,690,0.15,1
1145,0,910,0.65,1
1146,1,182,0.65,1
1147,0,550,0.3001,1
1148,0,736,0.15,1
1149,0,953,0.1,1
1150,1,303,0.45,0
1151,0,456,0.3,1
1152,1,424,0.13,1
1153,0,781,0.1,1
1154,0,273,0.5,0
1155,0,280,0.255,0
1156,0,946,0.1,1
1157,1,456,0.5,1
1158,1,213,0.65,0
1159,1,241,0.11,1
1160,0,1096,0.52,1
1161,0,81,0.1,0
1162,0,105,0.2,1
1163,0,57,0.1,0
1164,0,1096,1.65,1
1165,1,182,0.3,0
1166,0,1001,0.2025,1
1167,0,1166,0.12,0
1168,0,61,0.2,1
1169,1,213,0.1,1
1170,0,352,0.2,1
1171,0,497,0.15,1
1172,0,1096,0.23,0
1173,1,151,0.32,1
1174,0,346,1.05,1
1175,0,1096,0.5,1
1176,1,608,0.35,1
1177,0,310,0.8,1
1178,0,1096,0.25,0
1179,0,669,0.9,1
1180,1,1220,1.0,1
1181,0,537,0.5,1
1182,0,957,0.75,0
1183,0,1073,0.25,1
1184,0,910,0.15,1
1185,1,183,0.5,1
1186,1,242,0.135,1
1187,0,177,0.15,1
1188,0,1096,1.5,1
1189,0,1096,0.35,0
1190,0,1096,0.322,1
1191,1,244,0.27,1
1192,0,1096,0.61,0
1193,0,805,1.0,1
1194,0,1096,0.479,0
1195,0,121,0.25,1
1196,0,142,0.6001,1
1197,0,1096,0.26,1
1198,0,155,0.35,1
1199,0,1096,0.36,0
1200,0,1030,0.5,1
1201,1,213,0.3,0
1202,0,1006,0.2,0
1203,1,915,1.5,0
1204,0,287,0.5,0
1205,1,1220,0.1,1
1206,1,304,0.35,1
1207,0,183,0.1,1
1208,0,1096,0.3,0
1209,0,617,0.45,0
1210,1,943,0.68,0
1211,1,396,1.975,1
1212,1,333,0.5,1
1213,0,1096,0.31,0
1214,0,1096,0.36,1
1215,1,333,0.1,1
1216,0,645,0.3,0
1217,0,351,0.3,1
1218,0,658,0.35,1
1219,0,1096,0.25,1
1220,0,1048,0.4,0
1221,0,809,0.1,0
1222,0,1096,0.5,1
1223,0,382,0.255,1
1224,0,662,0.8,0
1225,0,162,0.39,0
1226,1,424,0.3,1
1227,0,957,0.35,1
1228,0,1096,0.35,1
1229,0,1096,0.15,1
1230,1,975,0.1,1
1231,0,945,0.65,1
1232,0,482,1.0,1
1233,0,1096,0.25,1
1234,0,1096,0.65,0
1235,0,1096,0.3,0
1236,0,1064,1.0,1
1237,0,474,0.4,1
1238,0,29,0.5,1
1239,0,507,0.85,0
1240,0,945,0.5,1
1241,0,375,0.3,1
1242,0,1096,0.85,0
1243,0,595,0.305,1
1244,0,265,1.0,1
1245,0,194,0.1,1
1246,0,772,1.0,1
1247,0,883,0.3001,1
1248,0,1096,0.5,0
1249,0,946,0.5,1
1250,0,126,0.2525,0
1251,0,1096,0.2,1
1252,0,208,0.305,0
1253,0,218,2.1,1
1254,0,586,0.85,1
1255,0,842,0.4,1
1256,0,1096,0.1,1
1257,0,846,0.6,1
1258,1,486,0.255,1
1259,0,1096,0.18,1
1260,0,1096,0.35,1
1261,1,152,0.2,1
1262,1,274,0.3001,1
1263,1,182,1.0,0
1264,0,147,1.5,1
1265,1,211,0.17,1
1266,0,1096,0.1,1
1267,0,1096,0.17,1
1268,1,272,0.3,0
1269,1,274,0.5,1
1270,0,30,0.5,1
1271,0,198,0.3,0
1272,0,1164,0.4175,1
1273,0,1096,0.1,0
1274,0,415,0.4,1
1275,0,1096,0.35,1
1276,0,303,0.12,0
1277,1,302,0.35,1
1278,0,1096,0.3869,0
1279,0,661,0.3,1
1280,0,1096,0.5,0
1281,0,1096,0.255,1
1282,0,260,0.35,0
1283,0,168,0.4,0
1284,0,98,0.3,1
1285,0,793,1.2,1
1286,1,151,0.285,1
1287,1,824,0.35,1
1288,0,1096,0.1,1
1289,0,621,0.255,1
1290,0,651,0.255,1
1291,0,674,1.0,0
1292,0,401,0.5,1
1293,0,282,0.3001,0
1294,1,243,0.7,1
1295,0,3,0.1,0
1296,0,581,0.5,1
1297,0,771,0.3,1
1298,0,32,0.1,0
1299,1,455,0.6,0
1300,0,539,2.4,1
1301,0,1096,0.225,0
1302,1,944,1.5,0
1303,1,211,0.2,0
1304,0,1096,0.2,1
1305,1,182,0.4,1
1306,0,1096,0.5,1
1307,1,364,0.2,1
1308,0,1096,0.12,1
1309,1,274,0.35,1
1310,0,1096,0.35,1
1311,0,1066,0.15,1
1312,0,880,0.1,1
1313,0,1096,0.4,1
1314,0,1035,0.25,0
1315,1,760,0.8,0
1316,0,1096,0.6,1
1317,0,1096,0.3,0
1318,0,1096,0.3001,1
1319,1,272,0.1,1
1320,0,608,1.5,1
1321,0,381,0.1,0
1322,0,1096,0.405,1
1323,0,620,0.5,0
1324,0,40,0.1,1
1325,0,852,0.15,1
1326,1,335,0.5,1
1327,0,924,0.3,1
1328,0,436,0.255,1
1329,1,274,0.61,1
1330,0,1105,0.29,0
1331,0,1096,0.12,1
1332,0,1096,0.3,0
1333,0,1095,0.3,1
1334,0,315,0.3,1
1335,0,652,0.6001,1
1336,0,37,0.15,1
1337,0,865,0.19,0
1338,1,335,0.25,1
1339,1,1036,0.3,0
1340,0,1107,1.15,1
1341,0,310,1.5,1
1342,0,637,0.8,1
1343,0,294,0.23,1
1344,1,242,0.5,1
1345,0,990,0.3,1
1346,0,323,0.26,1
1347,0,180,0.14,1
1348,0,307,0.3001,1
1349,1,486,1.325,0
1350,0,1096,0.75,1
1351,0,15,0.5051,0
1352,0,416,0.14,0
1353,0,1096,0.1,0
1354,1,183,0.2,1
1355,1,333,0.15,1
1356,0,1096,0.22,0
1357,0,1096,1.5,0
1358,0,112,0.9,0
1359,0,658,0.6,1
1360,1,394,0.3,1
1361,0,1096,0.1,1
1362,1,244,1.0,1
1363,0,43,0.8,0
1364,0,264,0.45,1
1365,0,567,0.3001,1
1366,1,396,0.5875,1
1367,0,639,0.3,0
1368,0,1096,0.75,0
1369,1,669,1.5,0
1370,0,609,0.4,1
1371,0,465,0.2,1
1372,1,152,0.26,0
1373,0,955,0.3,1
1374,0,754,0.7999,0
1375,0,315,0.1,1
1376,0,1096,1.3,0
1377,1,364,0.33,1
1378,1,424,0.255,1
1379,0,917,0.5,0
1380,1,305,0.3,1
1381,0,224,0.3,0
1382,0,1072,0.3001,1
1383,0,155,0.1,1
1384,0,1096,0.7,0
1385,0,747,0.225,1
1386,0,191,0.6001,0
1387,0,987,1.0,0
1388,0,1096,0.5,0
1389,0,789,0.12,1
1390,0,1096,0.46,1
1391,0,1096,0.2536,1
1392,1,578,0.2,1
1393,1,273,0.3,0
1394,0,1096,1.25,1
1395,0,54,0.2355,1
1396,0,1014,0.22,1
1397,0,1096,0.255,1
1398,0,1096,0.45,1
1399,0,900,0.25,1
1400,0,65,0.14,0
1401,0,489,0.3,1
1402,0,1096,0.65,1
1403,1,394,0.2,1
1404,0,1096,2.5,0
1405,0,1096,0.1,1
1406,0,323,0.1,1
1407,0,398,0.36,1
1408,0,553,0.1,1
1409,1,394,0.5,1
1410,0,322,2.5,0
1411,1,304,0.3001,1
1412,0,992,0.65,1
1413,0,554,0.25,0
1414,0,975,0.25,1
1415,0,822,1.5,1
1416,0,1096,0.3,1
1417,1,303,0.4,0
1418,1,531,0.3,1
1419,1,425,0.255,1
1420,0,1157,0.65,1
1421,0,1070,0.5,1
1422,1,366,0.25,0
1423,0,125,0.12,1
1424,1,242,0.2,1
1425,0,1096,0.6,0
1426,0,1096,0.15,1
1427,0,171,0.1001,1
1428,0,360,1.0,0
1429,1,242,0.3,1
1430,0,1096,0.37,1
1431,1,271,1.0,1
1432,0,1015,0.3001,1
1433,0,335,0.3001,1
1434,0,1096,0.185,1
1435,0,1096,0.55,1
1436,0,1096,0.25,1
1437,1,333,0.35,0
1438,0,1096,0.3,0
1439,0,516,0.25,0
1440,0,1096,0.15,1
1441,0,1096,0.4,1
1442,0,1096,0.25,1
1443,1,394,1.05,1
1444,0,982,0.1,1
1445,0,85,0.1,1
1446,0,1096,0.5,1
1447,0,1096,0.4,1
1448,0,782,0.1,0
1449,0,1096,0.3,0
1450,0,1096,0.2,1
1451,0,759,0.2,0
1452,0,511,0.1,0
1453,0,115,0.5,0
1454,1,213,0.37,1
1455,0,469,0.2,1
1456,0,176,2.5,0
1457,0,78,0.8,1
1458,0,1158,0.33,1
1459,1,305,1.0,0
1460,0,1096,0.25,0
1461,0,1096,0.275,1
1462,0,693,0.3,0
1463,1,791,0.85,1
1464,0,145,1.7725,0
1465,0,33,0.1,0
1466,1,272,0.1,1
1467,0,1096,0.2,1
1468,1,151,0.15,1
1469,0,752,0.4,1
1470,1,516,0.3,1
1471,0,49,0.1,1
1472,0,516,1.25,0
1473,0,118,0.3,1
1474,0,1096,0.95,0
1475,0,1096,0.5,1
1476,1,243,0.35,0
1477,1,364,0.32,0
1478,0,696,0.5,0
1479,0,951,0.1,1
1480,1,395,1.0,1
1481,1,668,1.6,1
1482,0,188,0.1275,1
1483,0,835,2.5,0
1484,0,1096,0.2,1
1485,1,182,0.35,1
1486,1,244,0.5,1
1487,0,92,1.5,1
1488,0,945,0.1,1
1489,0,280,0.2,0
1490,0,1096,1.2,1
1491,0,580,0.7,1
1492,1,394,0.348,0
1493,0,574,0.5,0
1494,0,595,0.8,0
1495,0,735,0.4,1
1496,0,383,0.3,1
1497,1,395,0.6001,1
1498,0,876,0.3,1
1499,0,1096,2.0,0
1500,0,1004,0.5,0
1501,0,1096,0.37,1
1502,0,1096,1.6,0
1503,0,405,0.6001,1
1504,0,118,0.4,1
1505,0,480,0.65,1
1506,1,547,0.555,1
1507,0,1096,0.5,1
1508,0,770,0.46,1
1509,0,999,0.3,0
1510,1,486,0.95,1
1511,0,245,1.2,1
1512,0,1012,0.5,1
1513,0,801,0.2,1
1514,0,819,0.1,1
1515,0,792,1.0,0
1516,0,539,0.15,0
1517,0,385,0.3,1
1518,0,294,0.24,1
1519,0,1058,0.1,1
1520,0,390,0.556,0
1521,0,329,0.3,0
1522,1,456,1.0,0
1523,1,699,0.28,0
1524,0,1096,0.3001,0
1525,0,1103,0.12,1
1526,0,288,0.1,0
1527,1,854,0.4,0
1528,0,1096,0.4,1
1529,1,213,0.255,1
1530,0,64,0.7077,1
1531,0,1096,1.0,1
1532,0,1096,0.1,1
1533,1,333,1.5,0
1534,0,512,0.6001,0
1535,0,524,0.3,1
1536,0,133,0.3,0
1537,0,932,0.6,1
1538,1,885,0.5,0
1539,0,916,0.35,1
1540,1,547,0.27,1
1541,0,277,0.5,0
1542,0,354,0.5,1
1543,0,1096,0.4,1
1544,0,1160,0.1,1
1545,0,569,0.1,1
1546,0,1087,0.255,1
1547,0,975,0.3,0
1548,0,821,0.1,1
1549,0,665,0.6,1
1550,1,152,0.255,1
1551,0,678,0.35,1
1552,0,314,1.0,1
1553,1,333,0.13,1
1554,0,830,0.1,1
1555,0,1096,0.6001,1
1556,0,342,0.3,1
1557,0,1096,0.2,0
1558,1,152,0.4,1
1559,0,1096,0.3,1
1560,1,639,0.255,1
1561,0,1096,1.6,1
1562,0,275,0.5,1
1563,0,224,0.55,0
1564,0,1096,0.16,1
1565,1,585,0.8,1
1566,0,731,0.3,0
1567,0,1096,1.0,1
1568,0,998,0.7,0
1569,0,450,0.1225,1
1570,1,547,0.3,1
1571,0,92,0.1,0
1572,0,932,1.2,0
1573,0,1097,0.1,1
1574,0,1087,0.4,1
1575,0,1091,0.5,0
1576,1,333,0.3,0
1577,1,243,0.15,1
1578,1,152,0.28,1
1579,0,1096,1.7,0
1580,0,1096,0.25,1
1581,0,15,0.15,1
1582,0,217,0.75,0
1583,0,365,0.1,1
1584,0,951,0.1,1
1585,1,1220,0.3,1
1586,0,1096,0.3001,1
1587,0,970,0.45,1
1588,0,1096,0.3,1
1589,0,477,0.1,1
1590,1,486,0.25,1
1591,0,1127,0.7,0
1592,1,272,0.15,1
1593,0,1096,0.25,1
1594,1,425,1.0,1
1595,0,949,0.26,1
1596,1,333,0.5,1
1597,0,1096,1.0,0
1598,0,529,0.26,1
1599,1,152,0.9,1
1600,1,182,0.1,1
1601,0,335,0.1,0
1602,1,364,0.3,0
1603,1,303,0.255,1
1604,0,724,0.15,1
1605,0,978,0.73,1
1606,0,1093,0.6001,0
1607,0,943,0.45,1
1608,1,1036,0.255,1
1609,0,1010,0.375,1
1610,0,1096,0.2,0
1611,0,1127,0.5,1
1612,0,938,0.8,0
1613,1,333,0.6,1
1614,1,384,0.65,0
1615,0,1096,0.25,0
1616,0,443,0.35,0
1617,0,64,0.1,1
1618,0,924,0.6,1
1619,1,1003,0.35,1
1620,0,167,1.5,1
1621,0,1036,0.4,1
1622,0,1139,2.0,0
1623,0,41,0.85,1
1624,0,537,0.5,0
1625,0,200,0.41,1
1626,1,397,0.2999,0
1627,0,1096,0.1,1
1628,0,1096,0.5,1
1629,1,272,0.25,0
1630,0,144,0.45,0
1631,0,498,0.575,1
1632,1,213,1.2,0
1633,0,685,0.6,1
1634,1,243,0.255,1
1635,0,818,0.25,0
1636,1,363,0.6001,1
1637,0,156,0.5055,1
1638,0,396,0.2,1
1639,1,303,0.35,0
1640,0,352,0.97,1
1641,0,486,0.495,1
1642,0,430,0.255,1
1643,0,256,0.7,1
1644,1,242,0.12,1
1645,1,427,0.6,1
1646,1,303,0.6001,1
1647,0,383,2.5,1
1648,0,1096,0.255,1
1649,1,213,0.2,1
1650,1,213,0.3,1
1651,0,958,0.26,1
1652,1,333,0.25,0
1653,0,1063,1.0,1
1654,0,1096,0.155,1
1655,1,182,0.54,1
1656,0,1105,0.43,1
1657,0,1098,0.15,1
1658,1,425,0.3,0
1659,0,614,0.425,0
1660,1,977,0.3001,1
1661,0,1096,0.85,0
1662,0,349,0.258,1
1663,1,333,0.125,1
1664,0,1096,1.02,1
1665,0,218,0.29,1
1666,0,1096,0.3,1
1667,0,1072,1.0,0
1668,0,268,0.35,1
1669,0,1066,0.1001,1
1670,1,608,0.15,1
1671,1,395,0.31,0
1672,0,1094,0.25,1
1673,0,207,0.9,0
1674,1,486,0.75,0
1675,0,1041,0.5,1
1676,0,146,0.9,1
1677,0,1096,1.5,0
1678,1,425,2.0,0
1679,1,243,0.2,1
1680,1,303,0.8,0
1681,1,272,1.33,0
1682,0,496,0.25,1
1683,1,241,0.1,1
1684,0,924,0.1,1
1685,1,274,0.1,1
1686,1,303,0.255,1
1687,0,701,1.5,1
1688,0,379,1.0,1
1689,1,183,0.5,0
1690,0,1035,0.265,1
1691,1,274,0.2,1
1692,1,333,0.5,1
1693,0,1096,0.5,0
1694,1,272,0.1,1
1695,1,152,1.25,0
1696,0,1096,0.7,1
1697,0,930,0.62,0
1698,1,213,0.35,1
1699,0,1065,0.5,0
1700,0,882,0.3,1
1701,0,214,0.11,1
1702,0,1096,0.1,0
1703,1,182,0.21,1
1704,0,1066,0.2108,1
1705,1,1111,0.17,0
1706,0,1030,0.3,1
1707,0,175,1.2,0
1708,1,486,0.3,1
1709,1,596,0.35,1
1710,1,212,0.2,1
1711,0,737,0.6001,1
1712,0,1061,0.56,0
1713,0,1045,0.5,1
1714,0,200,0.1,0
1715,0,197,1.0,1
1716,1,427,0.29,1
1717,1,183,0.255,1
1718,0,107,0.1,0
1719,0,1096,0.2,1
1720,0,485,0.5,1
1721,1,486,0.6001,1
1722,0,1096,0.1,1
1723,1,182,0.5,1
1724,0,201,0.35,0
1725,0,1096,0.3001,1
1726,0,367,0.31,1
1727,0,949,0.17,1
1728,0,1096,0.28,0
1729,0,1096,0.3,1
1730,1,274,0.6001,1
1731,0,1037,0.1,0
1732,1,274,0.3001,0
1733,0,464,0.7,1
1734,0,1096,1.0001,0
1735,0,54,2.5,1
1736,0,110,0.1,0
1737,1,152,2.0,0
1738,0,95,0.1,1
1739,0,1096,0.1,1
1740,1,182,0.255,0
1741,0,2,0.1,0
1742,1,1066,0.75,0
1743,0,1096,0.4,0
1744,0,1096,0.6,1
1745,0,141,2.0,0
1746,0,139,0.3,1
1747,0,701,2.5,1
1748,1,305,0.4,0
1749,0,460,2.5,0
1750,0,1096,2.5,0
1751,0,1096,0.2501,1
1752,0,1096,0.65,1
1753,0,333,0.55,0
1754,1,183,0.1,1
1755,1,699,0.3,1
1756,1,700,0.61,1
1757,0,1092,1.5,1
1758,0,140,0.6001,0
1759,1,304,0.5,1
1760,0,1096,0.55,1
1761,0,1096,0.4,0
1762,0,1088,0.3001,1
1763,0,1119,2.0,0
1764,0,202,0.3,0
1765,0,548,0.65,1
1766,0,472,0.75,1
1767,0,1096,0.5,1
1768,0,1096,0.4084,1
1769,0,861,0.55,1
1770,0,371,2.5,0
1771,0,167,0.2999,1
1772,0,452,0.9,1
1773,1,1006,0.3,1
1774,0,920,0.162,1
1775,1,243,0.28,1
1776,0,1096,0.1,0
1777,0,825,0.4,0
1778,1,182,0.12,0
1779,0,728,0.15,0
1780,0,1096,1.4,0
1781,0,1096,0.3,0
1782,0,878,1.5,0
1783,0,1096,0.26,1
1784,1,364,0.23,0
1785,0,86,0.3,1
1786,1,212,0.13,1
1787,0,1059,1.0,0
1788,1,639,0.1,0
1789,0,1096,0.18,1
1790,1,213,0.255,1
1791,0,1096,0.25,1
1792,0,1096,0.5,1
1793,0,219,0.45,1
1794,0,310,0.9895,0
1795,0,1096,0.1025,1
1796,0,304,0.3,1
1797,0,224,1.5,1
1798,1,305,0.3001,1
1799,0,153,0.4,0
1800,0,169,0.85,1
1801,0,1050,0.7,1
1802,1,395,0.78,0
1803,1,333,0.5,0
1804,0,1096,0.3,0
1805,0,1096,0.4,1
1806,0,1096,0.1,1
1807,0,770,0.36,1
1808,0,1096,0.3,1
1809,1,699,0.48,1
1810,0,1096,0.3,0
1811,0,376,0.495,1
1812,0,114,0.25,1
1813,1,574,0.255,1
1814,0,1098,0.6,1
1815,0,73,0.1,1
1816,0,123,0.2,1
1817,0,1128,0.3,1
1818,0,1096,0.5,1
1819,1,455,0.1,1
1820,0,568,0.1,0
1821,0,19,0.4,0
1822,0,163,0.2,0
1823,0,1096,0.2501,0
1824,1,914,1.5,1
1825,0,1096,0.9,0
1826,0,1096,0.15,1
1827,0,1025,0.15,1
1828,0,1096,1.0,0
1829,0,37,0.5,1
1830,0,600,0.2679,1
1831,0,270,0.33,1
1832,0,1096,1.261,0
1833,0,292,0.1,0
1834,1,151,0.1,1
1835,0,384,0.48,1
1836,0,1096,0.8,1
1837,0,1096,0.7,1
1838,0,1035,0.3,0
1839,0,1096,0.12,1
1840,0,1096,0.3,1
1841,0,935,0.3,1
1842,0,1096,0.75,0
1843,0,28,0.1,1
1844,0,447,0.1,0
1845,0,308,0.255,1
1846,1,272,0.26,1
1847,0,904,0.65,0
1848,0,966,0.75,1
1849,0,96,0.3,1
1850,0,128,0.15,1
1851,0,479,0.25,1
1852,0,807,0.255,1
1853,1,152,0.35,1
1854,0,816,0.15,1
1855,0,7,0.1,0
1856,0,741,0.4,0
1857,0,85,0.2,0
1858,0,1096,0.5,0
1859,0,634,0.1,1
1860,0,1096,0.2,1
1861,0,783,0.299,1
1862,0,1096,0.7,1
1863,0,603,0.2,1
1864,1,425,1.0,1
1865,0,606,2.2,0
1866,0,998,0.4,1
1867,0,1096,0.3001,0
1868,1,761,1.2,1
1869,0,1096,0.35,1
1870,0,1096,0.1025,0
1871,0,990,0.25,0
1872,0,183,0.1,0
1873,0,61,0.4,0
1874,0,1096,0.3,1
1875,0,173,0.425,0
1876,0,358,1.1,0
1877,1,363,2.2,0
1878,0,181,0.25,1
1879,0,863,0.3,1
1880,0,1035,0.3,0
1881,0,379,1.0,0
1882,1,639,0.1,1
1883,0,953,0.4,1
1884,0,252,0.13,1
1885,0,383,0.5,0
1886,0,1037,0.1,1
1887,0,195,0.4,1
1888,0,180,0.3,0
1889,0,1096,0.125,1
1890,0,811,0.1,1
1891,1,333,0.28,0
1892,0,441,1.0,1
1893,0,1096,0.25,1
1894,0,1072,0.13,1
1895,0,72,0.6,0
1896,0,859,0.2,1
1897,0,722,1.0,1
1898,0,1105,0.25,0
1899,0,1096,0.4,1
1900,1,302,0.2,1
1901,0,629,0.5,1
1902,0,974,0.9,1
1903,0,784,0.33,1
1904,0,1096,0.1,1
1905,0,542,0.25,0
1906,1,244,2.0,0
1907,0,893,0.3,1
1908,0,905,0.75,0
1909,0,1090,0.2,1
1910,0,23,0.255,1
1911,0,232,1.0,1
1912,0,1096,1.0,1
1913,1,732,1.5,0
1914,0,618,0.5,0
1915,0,1096,0.5,0
1916,0,1096,0.63,0
1917,0,1088,1.0,1
1918,0,517,0.1,0
1919,1,517,0.1,1
1920,0,1096,0.51,0
1921,0,646,0.185,0
1922,0,217,1.0,0
1923,0,1096,1.2,1
1924,0,1096,0.31,1
1925,1,386,0.23,1
1926,0,1096,0.5,1
1927,1,394,0.5,0
1928,1,274,1.25,0
1929,0,1096,0.45,1
1930,0,719,0.5,1
1931,0,731,0.255,1
1932,0,277,1.2,0
1933,0,554,0.6001,1
1934,0,570,0.5,1
1935,0,350,0.335,0
1936,1,213,0.15,1
1937,0,871,0.25,0
1938,0,241,0.62,1
1939,1,364,0.25,1
1940,1,151,0.2,0
1941,0,547,0.1,1
1942,0,171,1.0,1
1943,1,425,0.35,1
1944,0,1183,0.35,1
1945,0,190,0.255,0
1946,0,1096,0.1,1
1947,0,943,1.3,1
1948,0,207,1.7,0
1949,0,558,0.75,1
1950,1,425,0.2,1
1951,0,1096,1.45,1
1952,0,952,0.1,1
1953,0,1096,0.5,1
1954,0,1096,0.5,0
1955,1,880,1.0,1
1956,0,398,0.2,1
1957,0,183,0.11,1
1958,1,336,0.35,0
1959,0,397,1.14,1
1960,0,310,0.3,0
1961,0,1096,0.5,1
1962,0,463,0.3,1
1963,0,338,0.1,1
1964,0,559,0.2,0
1965,1,547,0.3,1
1966,0,1096,0.3,1
1967,0,974,1.0,1
1968,0,567,0.3,1
1969,0,331,1.5,1
1970,0,399,0.1,1
1971,1,394,0.2,1
1972,1,272,0.25,1
1973,1,303,1.4,0
1974,0,1096,0.6,1
1975,0,251,0.5,1
1976,0,452,0.255,1
1977,0,8,0.5,0
1978,0,1096,0.15,1
1979,0,643,0.25,1
1980,1,213,0.3,1
1981,0,667,0.87,0
1982,0,1096,0.4,0
1983,0,252,0.8,1
1984,0,1096,0.5,0
1985,0,1096,0.7,0
1986,1,486,0.3,1
1987,0,54,0.3099,1
1988,0,1096,0.5,1
1989,0,90,0.1025,1
1990,0,13,0.5,1
1991,0,79,0.25,0
1992,0,1109,0.12,1
1993,0,314,0.12,1
1994,0,1096,0.5,1
1995,0,241,1.1,1
1996,0,555,0.175,1
1997,0,1046,0.28,1
1998,0,1107,0.5,1
1999,0,1022,1.2,0
2000,0,231,0.35,1
2001,1,213,0.1,1
2002,0,157,0.18,1
2003,0,1096,1.0,0
2004,1,303,0.2,1
2005,1,1068,0.9,1
2006,0,340,0.15,1
2007,0,578,0.3998,0
2008,1,397,0.5,1
2009,1,1220,0.5,0
2010,0,15,0.5,0
2011,0,1059,0.1,1
2012,0,377,0.32,1
2013,0,1107,0.2,1
2014,0,31,0.86,1
2015,1,213,0.47,0
2016,1,291,0.2,1
2017,0,778,0.6,1
2018,1,1005,2.5,0
2019,0,966,0.5,1
2020,0,142,0.58,1
2021,0,111,0.1,1
2022,0,538,1.5,1
2023,0,48,0.275,1
2024,0,294,0.2,1
2025,0,190,0.3,1
2026,0,76,0.5,1
2027,1,272,0.4,1
2028,1,333,0.14,1
2029,0,537,0.6001,1
2030,1,213,0.3001,0
2031,0,1096,0.7,1
2032,0,134,0.255,1
2033,0,1096,0.2,0
2034,0,1089,0.4,1
2035,1,514,0.88,1
2036,0,747,1.0,0
2037,1,486,0.29,1
2038,0,6,1.1793,1
2039,1,760,0.2,0
2040,0,597,0.6001,1
2041,0,133,0.255,1
2042,0,141,0.5,1
2043,1,333,1.2,0
2044,0,1085,0.325,1
2045,1,762,2.5,0
2046,0,326,0.35,1
2047,0,973,0.255,1
2048,0,635,0.1325,1
2049,0,540,0.7,1
2050,0,365,0.3,0
2051,1,213,0.3,1
2052,1,182,1.0001,0
2053,0,1096,0.3,1
2054,0,33,0.1,0
2055,0,1096,0.5,0
2056,0,1107,0.15,1
2057,1,455,0.31,1
2058,0,534,0.65,1
2059,0,343,0.3,0
2060,0,216,0.68,1
2061,0,427,0.35,1
2062,1,303,0.35,0
2063,0,109,0.35,1
2064,0,722,0.19,1
2065,0,1096,0.48,1
2066,0,447,0.6001,1
2067,1,1114,0.25,1
2068,0,1096,0.3001,1
2069,0,426,2.2,1
2070,0,1096,0.2,1
2071,0,1096,0.25,1
2072,0,823,0.48,1
2073,0,1096,0.255,1
2074,0,1096,0.275,1
2075,0,540,0.25,1
2076,0,182,0.1,0
2077,0,1068,0.31,1
2078,0,284,0.3,1
2079,0,822,0.5,0
2080,0,873,0.35,1
2081,0,1096,0.3001,1
2082,0,83,0.45,0
2083,1,304,0.7,1
2084,0,895,0.85,1
2085,0,374,0.1,1
2086,1,486,0.4,1
2087,0,443,0.3,0
2088,0,1096,0.49,0
2089,1,578,0.1,1
2090,0,50,0.1,0
2091,0,792,0.35,1
2092,1,183,0.12,1
2093,0,1096,0.2,1
2094,0,999,1.5,1
2095,0,1096,0.55,1
2096,0,74,0.45,1
2097,0,1096,0.3,1
2098,1,486,2.5,0
2099,0,218,0.5,0
2100,0,1096,0.1,1
2101,0,210,1.5,1
2102,0,1126,0.33,1
2103,1,578,0.1,0
2104,1,272,1.8,1
2105,1,213,0.175,1
2106,0,368,0.4,0
2107,1,213,0.6,0
2108,0,578,0.15,1
2109,0,1099,0.1,1
2110,0,259,0.45,1
2111,1,730,0.7,1
2112,0,923,0.55,0
2113,1,486,0.15,0
2114,0,1096,0.1025,0
2115,1,274,1.18,1
2116,1,852,2.5,0
2117,0,73,0.3001,1
2118,0,154,0.1,0
2119,0,1096,1.5,0
2120,0,1096,0.462,0
2121,0,738,0.25,1
2122,0,1096,0.45,1
2123,0,411,1.0,0
2124,0,277,2.0,0
2125,0,1096,0.45,1
2126,0,701,0.1,0
2127,0,794,0.35,1
2128,0,125,0.3,1
2129,1,213,0.34,1
2130,0,85,0.5,1
2131,0,111,0.44,1
2132,0,1154,0.6,1
2133,1,182,0.3,1
2134,0,1096,0.25,0
2135,0,1029,0.35,0
2136,1,304,0.55,1
2137,0,86,0.1,1
2138,0,677,0.5,1
2139,1,425,0.1,1
2140,1,1156,0.18,1
2141,0,1096,0.1,1
2142,0,866,0.4,1
2143,0,921,1.5,1
2144,0,316,0.45,1
2145,1,182,0.26,1
2146,0,304,0.625,0
2147,1,394,1.5,0
2148,0,176,0.1,1
2149,0,864,0.1,1
2150,0,1035,0.6,1
2151,0,197,0.1,1
2152,0,399,0.15,1
2153,1,212,2.4,1
2154,1,364,0.25,1
2155,1,455,0.325,1
2156,1,425,0.1,1
2157,0,1096,0.3,1
2158,1,609,1.0,1
2159,1,274,1.0,1
2160,1,151,0.255,1
2161,0,1096,0.2,0
2162,0,394,1.0,1
2163,1,243,0.3,1
2164,0,258,0.3001,1
2165,0,89,1.0,1
2166,1,333,0.4,1
2167,0,839,0.1,1
2168,1,486,0.72,1
2169,0,1096,0.5,1
2170,0,142,0.1,1
2171,1,425,0.15,1
2172,0,1096,0.6,1
2173,0,1096,0.6001,1
2174,1,700,0.3,0
2175,1,211,0.3001,1
2176,0,1096,0.35,0
2177,1,303,0.3,1
2178,0,1096,0.5,1
2179,0,1096,0.8998,1
2180,0,1063,0.7,0
2181,0,50,0.6001,1
2182,0,1096,0.1,1
2183,0,1096,0.1,1
2184,0,1096,0.3,1
2185,1,274,0.5,0
2186,0,51,0.3,0
2187,0,1096,1.0,1
2188,0,1096,0.25,0
2189,1,152,0.3,1
2190,0,44,0.3,1
2191,0,1096,0.5,1
2192,0,1096,0.25,1
2193,1,397,0.3001,1
2194,0,636,0.125,1
2195,0,28,0.5,1
2196,1,302,0.1,1
2197,0,541,0.255,1
2198,0,69,0.1,1
2199,0,1096,2.5,1
2200,0,1096,1.5,0
2201,0,483,0.3,0
2202,0,106,0.6,0
2203,1,151,0.1,1
2204,0,1093,0.3,0
2205,1,152,0.51,1
2206,1,272,1.0,1
2207,1,274,0.25,1
2208,0,251,0.6,0
2209,1,182,0.68,1
2210,1,243,0.4,1
2211,0,938,0.9,1
2212,0,1096,1.0,0
2213,0,303,1.0,0
2214,1,425,0.25,1
2215,0,173,0.5,1
2216,1,333,0.3001,1
2217,1,182,0.7,1
2218,0,819,0.145,1
2219,0,1168,0.1,0
2220,0,577,0.5,1
2221,0,1066,0.3,1
2222,1,183,0.2575,0
2223,0,1096,0.15,0
2224,0,1000,0.6727,1
2225,0,1035,0.35,1
2226,0,237,0.7,0
2227,1,333,0.3001,1
2228,0,1096,0.5,0
2229,0,1127,0.2,1
2230,1,364,0.2,0
2231,0,1096,0.6566,0
2232,0,488,0.3001,1
2233,0,1096,1.5,0
2234,0,181,0.25,0
2235,0,22,0.255,1
2236,0,98,0.3,0
2237,1,272,0.1,1
2238,0,1096,0.5,1
2239,0,1064,0.46,1
2240,0,111,0.5,1
2241,0,1096,0.5,1
2242,0,1085,0.3,1
2243,1,183,0.3,0
2244,1,1217,0.2,1
2245,1,212,0.3,0
2246,1,486,1.1,0
2247,1,486,0.15,1
2248,0,1096,0.2,1
2249,0,639,0.7,0
2250,0,895,0.1,1
2251,1,577,0.34,0
2252,0,1096,0.3,1
2253,0,986,0.9546,1
2254,0,531,0.21,1
2255,0,918,0.6,1
2256,0,1182,0.4,1
2257,1,1219,0.14,1
2258,0,974,0.335,0
2259,1,211,0.255,1
2260,0,1096,0.6,0
2261,0,1096,0.18,0
2262,1,760,1.5,0
2263,0,1096,0.3001,0
2264,0,1096,0.6,0
2265,0,124,0.3,0
2266,1,303,0.1,0
2267,1,304,0.75,0
2268,0,1070,1.5,0
2269,1,425,2.5,0
2270,0,1096,0.7,1
2271,0,1119,0.5,1
2272,0,976,0.5,0
2273,0,701,0.3,1
2274,1,425,0.25,1
2275,1,455,0.1,1
2276,0,892,0.99,1
2277,1,455,0.5,1
2278,0,1035,1.4,0
2279,0,1079,1.0,1
2280,1,424,0.3,1
2281,0,912,0.8,1
2282,1,152,0.16,1
2283,0,1100,0.25,0
2284,0,1096,0.42,0
2285,0,1096,0.5,1
2286,0,521,0.2,0
2287,0,204,0.3,1
2288,0,1096,0.3,0
2289,1,333,0.45,1
2290,1,699,0.4,0
2291,1,152,0.15,1
2292,0,387,0.3,1
2293,0,433,1.85,0
2294,0,799,1.8,1
2295,0,1096,0.5,1
2296,0,1096,0.63,0
2297,0,638,0.6,0
2298,1,302,0.1,1
2299,0,483,0.4,0
2300,0,832,1.0,1
2301,0,833,0.25,1
2302,1,305,0.485,1
2303,0,431,0.1,1
2304,0,1065,0.3,1
2305,0,1096,0.125,0
2306,1,182,0.1,1
2307,0,1096,0.3,0
2308,0,823,0.2,1
2309,0,71,0.8,0
2310,1,366,0.6,0
2311,1,303,0.10400000000000001,1
2312,0,1096,0.15,1
2313,0,154,1.3087,1
2314,0,168,0.114,1
2315,0,90,0.4,1
2316,0,913,0.1,1
2317,0,1096,0.3,1
2318,0,1019,0.33,0
2319,0,57,0.9,0
2320,0,1096,0.7,1
2321,1,182,0.6001,0
2322,0,29,0.3,0
2323,0,1097,0.6,1
2324,1,336,0.3,1
2325,0,2,0.3,0
2326,0,1096,0.255,1
2327,0,1096,0.2025,1
2328,0,1096,0.15,1
2329,0,643,0.62,0
2330,1,456,0.3,1
2331,1,729,0.75,0
2332,0,1096,0.65,0
2333,1,152,0.26,1
2334,0,1096,0.2,1
2335,0,120,1.0,0
2336,0,43,0.7,0
2337,0,1096,0.58,0
2338,0,407,0.255,1
2339,0,138,0.3595,1
2340,0,133,0.255,0
2341,0,763,0.1,1
2342,0,1132,1.7,0
2343,0,780,0.5,1
2344,0,204,0.25,0
2345,0,301,0.1,1
2346,0,1096,0.185,0
2347,0,746,0.73,0
2348,0,97,0.1,1
2349,0,1096,0.4,1
2350,0,388,0.5,1
2351,0,330,0.3,0
2352,0,697,0.5,1
2353,0,1074,0.65,1
2354,1,244,1.0,1
2355,1,364,0.1,1
2356,1,364,2.5,0
2357,0,116,0.5,1
2358,1,639,0.3035,1
2359,0,710,0.3,1
2360,1,305,0.5,1
2361,0,1096,0.135,0
2362,1,333,0.1,1
2363,0,365,1.5,1
2364,1,364,0.15,1
2365,0,1096,1.0,0
2366,1,272,0.3,0
2367,0,543,0.35,1
2368,0,1096,0.25,1
2369,0,1096,0.125,1
2370,0,391,0.25,0
2371,0,841,0.11,1
2372,0,822,0.2,1
2373,0,35,0.25,1
2374,1,578,1.295,0
2375,0,161,0.255,1
2376,1,274,0.2,1
2377,0,307,0.5,1
2378,1,242,0.35,1
2379,0,1060,1.05,0
2380,1,638,0.5,0
2381,0,238,0.65,0
2382,1,388,0.4,0
2383,1,243,1.5,1
2384,1,547,0.9,1
2385,1,272,2.5,1
2386,1,364,0.25,1
2387,1,304,0.3,1
2388,1,212,0.5,0
2389,0,573,1.5,0
2390,0,725,0.255,1
2391,1,762,0.1,1
2392,0,819,0.1,1
2393,0,640,0.1,0
2394,0,1096,0.1,1
2395,1,212,0.4,1
2396,0,974,0.1,1
2397,0,1018,0.22,1
2398,0,700,0.2,1
2399,0,1096,1.9,0
2400,1,302,0.15,1
2401,0,1096,0.4,0
2402,0,1096,1.35,0
2403,0,860,0.3,1
2404,1,333,0.105,1
2405,0,1096,0.3001,1
2406,1,212,0.3,1
2407,0,1096,0.9,0
2408,0,803,0.35,1
2409,0,1096,2.0,1
2410,1,578,0.3,1
2411,0,1096,0.4,1
2412,0,33,0.2,0
2413,1,152,0.25,0
2414,1,456,0.25,1
2415,0,700,2.5,0
2416,0,1022,0.1,1
2417,0,1062,1.0,0
2418,0,244,0.275,1
2419,0,902,0.1,1
2420,0,574,0.65,1
2421,1,363,1.2,1
2422,0,1096,0.12,1
2423,1,213,0.13,0
2424,1,242,0.35,0
2425,1,213,0.315,1
2426,0,1027,0.3001,1
2427,0,153,0.7,1
2428,0,963,1.7,1
2429,1,182,0.2,1
2430,0,463,0.35,1
2431,0,870,0.76,1
2432,0,1096,2.5,0
2433,0,1096,1.0001,1
2434,1,213,0.5,1
2435,0,1096,0.5,0
2436,0,577,0.3001,1
2437,1,243,1.0,1
2438,0,1096,1.675,1
2439,0,210,0.3,1
2440,0,1096,0.11,1
2441,1,335,0.4,0
2442,0,493,0.7,1
2443,1,364,0.3,1
2444,1,183,0.7,1
2445,1,243,0.3,1
2446,0,164,0.1,1
2447,0,1089,0.14,0
2448,0,291,0.3,1
2449,0,451,0.5,1
2450,0,1096,0.3,1
2451,1,274,0.425,1
2452,0,126,0.3999,1
2453,0,1076,0.3,1
2454,1,182,0.1,1
2455,0,247,2.5,0
2456,0,311,0.3,1
2457,0,635,0.354,1
2458,0,59,0.1,0
2459,0,84,0.5,1
2460,0,767,0.25,1
2461,0,124,0.3,1
2462,1,244,0.25,0
2463,0,1096,0.25,1
2464,0,374,0.5,1
2465,0,1036,0.12,1
2466,0,1021,0.75,1
2467,1,272,0.15,1
2468,0,811,0.85,1
2469,1,1189,0.7,1
2470,0,188,0.12,1
2471,0,222,0.6,0
2472,0,1002,0.255,1
2473,0,1096,1.2,0
2474,0,787,0.3,1
2475,0,1096,0.1,1
2476,0,1039,0.18,1
2477,0,1096,1.5,0
2478,0,219,0.56,0
2479,1,182,0.3,1
2480,0,318,0.1,1
2481,1,152,0.1025,1
2482,0,532,0.3,1
2483,1,303,0.25,1
2484,0,1096,1.15,1
2485,0,1004,0.3002,1
2486,1,1158,2.5,1
2487,0,1096,0.35,1
2488,0,330,0.35,0
2489,0,1096,0.125,1
2490,0,453,0.85,0
2491,0,569,0.1,0
2492,0,1096,0.9999,1
2493,0,1096,0.15,1
2494,0,414,0.3,1
2495,0,1096,0.1,1
2496,0,824,0.3,1
2497,0,1096,0.55,1
2498,1,241,0.35,1
2499,0,1096,0.5,0
2500,1,333,1.2,1
2501,0,351,1.0,1
2502,0,169,0.3,0
2503,0,622,0.5,0
2504,0,1096,1.5,0
2505,0,572,0.3,1
2506,1,394,0.5,1
2507,0,251,0.255,1
2508,0,1096,0.3,0
2509,1,608,0.26,1
2510,0,165,0.4,0
2511,1,455,0.25,1
2512,0,1096,0.6,1
2513,0,1027,0.17,1
2514,0,92,0.2,0
2515,0,15,0.5,0
2516,0,1089,0.95,0
2517,0,612,0.13,1
2518,0,973,0.28,1
2519,0,1096,0.5,0
2520,0,104,0.1,1
2521,0,21,0.255,1
2522,1,364,0.5,0
2523,0,424,0.15,1
2524,0,1035,0.3,1
2525,1,366,0.15,1
2526,0,1104,0.25,1
2527,0,361,0.9,0
2528,0,1096,0.2,0
2529,1,363,0.5,1
2530,0,1096,0.2,0
2531,0,573,0.2501,1
2532,0,659,0.45,1
2533,1,182,0.9,1
2534,0,1096,0.1,1
2535,0,507,0.5,0
2536,0,1063,1.4,1
2537,0,595,0.8,0
2538,0,286,0.28,1
2539,1,394,0.38,1
2540,0,1107,0.1,0
2541,0,1096,0.5499,0
2542,0,59,0.1,1
2543,0,555,1.0001,0
2544,0,177,0.45,0
2545,0,1040,0.15,1
2546,0,1096,0.1905,1
2547,0,661,0.3,1
2548,0,625,0.1,1
2549,0,498,0.255,1
2550,0,194,1.5,0
2551,0,1096,0.275,0
2552,1,151,0.21,1
2553,0,798,0.5,1
2554,0,565,1.0,0
2555,1,364,2.1,1
2556,0,311,0.3,0
2557,0,153,0.9,1
2558,0,1085,1.0,1
2559,1,304,0.5,1
2560,1,152,0.1,1
2561,1,1219,0.2,1
2562,1,578,0.6,1
2563,1,213,0.27,1
2564,1,211,0.125,1
2565,0,1096,0.1,1
2566,0,1096,0.255,1
2567,0,884,1.0,1
2568,0,915,0.7,1
2569,0,1096,0.6,0
2570,0,485,0.6001,1
2571,1,182,0.3,1
2572,0,663,0.6,1
2573,0,796,0.3,1
2574,0,670,0.1,1
2575,0,568,0.25,1
2576,0,1096,0.45,1
2577,0,1096,0.1,0
2578,0,1096,0.1,0
2579,0,1096,0.2,0
2580,0,1123,1.0,1
2581,0,1096,0.6,0
2582,0,157,0.3,0
2583,0,250,0.78,0
2584,0,1224,0.8,1
2585,0,1096,0.2,1
2586,0,804,0.2,1
2587,0,281,0.1,1
2588,0,405,0.3001,1
2589,1,975,1.0,0
2590,0,1096,0.35,1
2591,0,260,0.2625,1
2592,0,1096,0.3,1
2593,0,340,0.1,1
2594,0,1096,0.57,1
2595,1,1219,0.4674,0
2596,0,1096,0.1,0
2597,0,1032,0.3,0
2598,0,64,0.25,0
2599,0,938,0.2,1
2600,0,814,1.24,0
2601,1,243,1.3,1
2602,0,279,0.1,0
2603,0,961,0.35,0
2604,0,1096,0.1,1
2605,0,343,0.55,1
2606,0,1096,0.2,0
2607,0,1066,0.4,1
2608,1,946,0.1,0
2609,0,1096,1.3,0
2610,1,425,0.13,1
2611,0,1096,0.1,0
2612,1,213,0.3001,1
2613,1,211,1.2,0
2614,0,1096,0.5,0
2615,0,234,0.35,1
2616,0,1093,0.18,1
2617,0,396,0.15,0
2618,0,187,0.2,0
2619,1,182,0.1,0
2620,1,213,1.0001,1
2621,0,1088,0.3,1
2622,0,1096,0.325,0
2623,0,1096,0.2,0
2624,1,366,0.27,1
2625,0,985,0.7,0
2626,0,437,0.6001,0
2627,0,1106,0.28,1
2628,1,152,0.15,1
2629,0,1096,1.0,0
2630,0,23,0.25,0
2631,0,1021,0.25,1
2632,0,1096,0.2,1
2633,1,182,0.1,1
2634,0,531,0.1,1
2635,1,577,0.3,1
2636,0,1096,0.575,0
2637,0,1095,0.3,0
2638,0,284,2.5,0
2639,0,116,0.49,0
2640,0,1130,0.565,0
2641,0,1096,0.3,1
2642,0,518,0.5,1
2643,0,503,0.3,1
2644,0,316,0.48,0
2645,0,1096,0.32,1
2646,0,1041,0.55,1
2647,0,1096,0.5,1
2648,1,151,1.0,1
2649,0,1068,0.15,1
2650,1,303,0.4,0
2651,0,155,0.6001,1
2652,0,1096,0.3,1
2653,0,775,0.95,1
2654,1,394,0.25,1
2655,0,1096,0.1,1
2656,0,1127,0.2,0
2657,1,363,0.2,1
2658,0,246,0.7,0
2659,0,966,0.12,1
2660,0,151,0.15,1
2661,0,296,0.3,1
2662,0,228,0.15,1
2663,0,994,0.5,1
2664,0,1096,0.15,1
2665,0,1096,0.14,1
2666,0,1089,0.18,1
2667,0,1096,0.55,1
2668,0,559,0.2,0
2669,0,237,0.315,1
2670,0,1096,0.4775,1
2671,1,182,0.3,1
2672,0,750,0.2,1
2673,1,305,0.25,1
2674,0,1084,0.4,1
2675,1,272,0.5,0
2676,0,801,0.255,1
2677,1,152,0.1005,1
2678,0,1038,0.1,1
2679,1,394,0.7,0
2680,0,929,1.0,1
2681,0,731,0.15,1
2682,0,1033,0.23,0
2683,0,191,0.3,0
2684,0,178,0.255,1
2685,0,1096,0.2,1
2686,1,302,0.2,0
2687,1,608,0.305,1
2688,0,951,0.34,1
2689,1,151,0.3,1
2690,1,183,0.5,1
2691,0,1096,0.1,1
2692,0,1107,0.33,1
2693,0,121,0.3,1
2694,0,647,0.4,1
2695,0,1096,2.5,0
2696,1,272,0.3,1
2697,0,348,1.25,1
2698,1,1189,0.275,0
2699,1,578,0.305,0
2700,0,538,0.2,1
2701,0,1096,0.25,1
2702,0,1096,0.15,0
2703,0,963,0.255,1
2704,1,425,0.38,1
2705,1,243,0.5,1
2706,0,1016,1.25,0
2707,0,311,0.255,0
2708,0,1096,1.1,1
2709,0,88,0.1,1
2710,0,734,0.5,1
2711,0,559,0.75,1
2712,1,516,0.35,1
2713,0,1009,0.3001,1
2714,1,394,0.3,1
2715,0,1096,0.255,1
2716,0,1096,0.2,0
2717,0,1049,1.5,1
2718,0,700,0.25,1
2719,0,92,0.4,1
2720,0,1096,0.75,1
2721,0,1070,0.6,0
2722,0,853,1.0,1
2723,1,152,0.3001,0
2724,0,788,0.2,1
2725,1,272,2.5,1
2726,0,1085,0.85,1
2727,0,812,0.355,1
2728,1,241,0.35,1
2729,0,454,0.1,0
2730,0,1096,0.255,1
2731,0,1096,0.3001,0
2732,0,615,0.1,1
2733,1,823,0.31,0
2734,0,624,0.7,0
2735,1,333,0.3031,1
2736,0,220,1.0,1
2737,0,1033,0.35,1
2738,0,1004,0.45,1
2739,0,1096,0.255,1
2740,1,304,0.3001,1
2741,1,364,0.16,1
2742,0,1083,0.5,1
2743,0,1096,0.25,1
2744,0,1096,0.2,1
2745,1,855,0.3,0
2746,0,1120,0.1,1
2747,0,1052,0.2,0
2748,1,944,2.5,1
2749,0,161,1.7,1
2750,0,1035,0.8,1
2751,1,333,0.75,0
2752,0,1084,0.255,1
2753,0,256,0.5,1
2754,0,943,0.35,1
2755,1,364,0.4,0
2756,0,185,0.3,0
2757,0,281,0.12,1
2758,0,1096,0.15,0
2759,1,304,0.355,0
2760,1,486,0.2551,1
2761,0,669,0.3,1
2762,0,1096,1.0,1
2763,0,156,0.46,1
2764,1,336,0.325,1
2765,0,1096,0.3,1
2766,0,660,0.1,1
2767,1,274,1.5,0
2768,1,364,0.3,1
2769,0,414,0.1,1
2770,1,609,0.5,1
2771,0,1096,0.4,1
2772,0,1096,1.0,1
2773,0,800,0.5,0
2774,0,1096,0.3,0
2775,0,1097,0.11,1
2776,0,972,0.3005,0
2777,1,364,0.3001,1
2778,0,252,0.12,1
2779,0,23,0.1,0
2780,0,1096,0.15,1
2781,1,305,0.7,1
2782,1,242,0.255,1
2783,1,616,0.68,1
2784,0,959,0.255,1
2785,0,1105,1.0,0
2786,1,702,0.1,1
2787,0,138,0.25,0
2788,0,72,0.9,1
2789,1,272,0.255,1
2790,0,170,0.5,0
2791,0,234,0.6001,1
2792,1,547,0.1,1
2793,0,821,0.5,0
2794,0,1096,0.35,1
2795,1,1097,0.25,0
2796,1,244,0.2,1
2797,0,819,1.85,1
2798,0,85,0.5,0
2799,0,514,0.25,1
2800,0,162,0.7,1
2801,0,204,0.4816,0
2802,0,406,0.1,1
2803,0,1120,0.18,1
2804,0,347,0.1,0
2805,0,164,1.8,0
2806,0,375,0.47,1
2807,0,1096,0.2,1
2808,0,1096,1.5,1
2809,0,103,0.1,1
2810,1,638,0.8,0
2811,1,1217,0.5,1
2812,1,364,0.45,1
2813,0,444,1.0,0
2814,1,241,0.255,1
2815,0,145,0.5,1
2816,0,1035,0.6001,1
2817,0,1096,0.3,1
2818,0,953,0.2,0
2819,0,95,0.5,1
2820,1,702,0.16,1
2821,0,409,0.6001,1
2822,0,445,0.5,0
2823,1,364,0.1,1
2824,0,1096,0.3,1
2825,1,456,0.35,1
2826,1,517,0.4,1
2827,0,887,0.25,1
2828,1,486,0.3001,0
2829,1,242,0.255,1
2830,0,1078,0.8,1
2831,1,213,0.25,1
2832,0,92,0.3001,0
2833,0,832,0.45,1
2834,0,299,0.3,1
2835,0,1087,0.6,1
2836,0,1096,0.3,1
2837,0,1105,0.25,1
2838,0,3,0.3,1
2839,0,93,0.29,1
2840,0,1096,0.85,0
2841,1,211,0.1525,1
2842,0,66,0.25,0
2843,0,189,1.0,0
2844,0,658,1.2,1
2845,1,366,2.0,1
2846,0,1096,0.35,1
2847,0,1096,1.75,0
2848,0,953,0.3,1
2849,1,241,0.1,1
2850,1,272,0.3,0
2851,0,161,1.0,1
2852,0,415,0.5,0
2853,1,427,0.31,1
2854,0,508,0.5,0
2855,1,213,0.71,1
2856,0,1096,0.3,0
2857,0,1096,0.2,1
2858,1,638,0.15,0
2859,0,142,0.5,1
2860,1,699,0.3,0
2861,0,798,0.6001,0
2862,0,434,0.5,1
2863,0,1096,0.17,0
2864,0,1071,0.6001,1
2865,0,522,0.255,0
2866,0,1096,0.18,0
2867,0,677,0.3,1
2868,0,640,0.25,0
2869,0,1096,0.35,1
2870,0,301,0.6,0
2871,0,630,0.4,1
2872,0,320,0.65,1
2873,0,86,0.255,1
2874,1,213,0.3,1
2875,0,496,0.233,1
2876,0,540,0.3,1
2877,0,1096,0.15,1
2878,0,1043,0.35,0
2879,0,418,0.1525,0
2880,0,1096,0.2,1
2881,0,766,0.36,0
2882,0,1049,0.11199999999999999,1
2883,1,333,0.595,1
2884,0,1096,0.305,1
2885,0,1066,0.45,1
2886,0,1096,0.19,1
2887,0,660,1.213,1
2888,0,748,0.3001,1
2889,0,1096,0.12,1
2890,0,127,0.3,0
2891,0,1035,0.65,1
2892,0,264,0.38,1
2893,0,306,0.15,1
2894,0,246,0.1,1
2895,0,1096,0.5,1
2896,1,213,0.65,1
2897,0,415,0.2,1
2898,0,1096,0.15,1
2899,0,617,0.1,1
2900,0,1096,0.1,1
2901,0,383,0.255,1
2902,1,333,0.175,1
2903,0,1066,0.5,1
2904,1,456,1.5,0
2905,0,586,1.2,1
2906,0,28,2.0,0
2907,1,302,0.505,1
2908,0,133,0.65,1
2909,0,94,0.2,1
2910,0,596,0.315,1
2911,0,631,0.125,1
2912,0,1096,0.25,1
2913,1,182,0.4,1
2914,0,298,0.95,1
2915,0,25,0.1,1
2916,0,343,0.75,0
2917,0,954,1.495,1
2918,1,213,2.5,1
2919,0,423,0.6001,0
2920,1,394,1.5,0
2921,0,513,0.5,1
2922,1,152,0.3,1
2923,1,394,0.26,1
2924,1,548,0.3,1
2925,1,394,1.0,1
2926,0,1096,0.2,1
2927,1,303,0.35,1
2928,0,882,0.3,1
2929,0,144,0.2105,1
2930,0,1096,1.5,1
2931,0,2,0.4997,0
2932,0,38,0.4,1
2933,0,910,0.35,1
2934,0,1066,0.75,0
2935,1,152,0.1,1
2936,1,363,0.1,1
2937,0,1096,0.3,1
2938,0,1096,0.25,1
2939,1,271,0.6001,1
2940,0,1096,0.2025,1
2941,0,49,0.1,1
2942,0,486,1.5,0
2943,1,455,0.15,1
2944,0,1092,0.75,0
2945,0,397,0.3,0
2946,0,55,0.3,1
2947,0,738,1.25,0
2948,0,1107,0.1,1
2949,1,577,0.3,1
2950,1,333,0.1,1
2951,0,1056,0.35,1
2952,0,186,1.5,0
2953,0,697,0.3,1
2954,1,455,0.6001,1
2955,0,569,0.5,1
2956,1,577,0.8,1
2957,0,302,0.16,1
2958,0,1096,0.4,1
2959,0,943,0.3001,0
2960,0,1096,0.25,1
2961,0,745,0.4,1
2962,0,1035,1.25,0
2963,1,486,0.255,1
2964,0,1096,0.115,1
2965,0,763,0.7,1
2966,1,272,0.5,0
2967,0,1096,1.0,1
2968,0,1002,0.9,0
2969,0,636,0.2,0
2970,0,1096,0.1875,1
2971,0,966,0.3,0
2972,0,1096,0.13,1
2973,1,302,0.22,1
2974,1,885,0.4,1
2975,1,394,0.255,1
2976,1,455,0.45,1
2977,1,151,0.3,1
2978,0,1066,0.1125,1
2979,0,974,0.255,1
2980,0,924,1.0,1
2981,0,1,0.2,1
2982,0,993,0.135,1
2983,0,706,0.5,1
2984,0,79,0.255,1
2985,0,1096,1.25,1
2986,1,1220,0.255,1
2987,0,782,0.1,1
2988,0,1096,0.2,1
2989,1,213,0.7,1
2990,0,506,2.5,1
2991,0,67,0.4,0
2992,0,1096,0.32,1
2993,1,822,0.5,1
2994,0,849,1.0,1
2995,0,1096,0.255,1
2996,0,205,1.0,1
2997,0,1096,0.3,0
2998,0,987,0.5,1
2999,0,914,0.2295,1
3000,0,1096,0.57,1
3001,0,1069,0.1,1
3002,0,708,0.5,1
3003,1,274,0.175,1
3004,0,1096,0.12,0
3005,1,182,0.39,1
3006,1,211,0.3,1
3007,0,1097,1.5,1
3008,0,1096,0.4,0
3009,0,1096,0.3,0
3010,0,1064,0.175,1
3011,0,1096,0.15,1
3012,0,810,1.2,1
3013,0,351,0.4,0
3014,0,1096,0.1,0
3015,0,1096,0.3,1
3016,0,770,0.2,1
3017,1,1037,1.5,0
3018,0,415,0.15,1
3019,0,110,0.25,0
3020,0,274,0.1525,0
3021,0,525,0.7,1
3022,0,44,2.5,1
3023,0,1096,1.0,0
3024,1,211,0.15,1
3025,0,635,0.4,1
3026,0,853,0.5,1
3027,0,116,1.0,0
3028,1,394,0.5,0
3029,1,427,0.6001,1
3030,0,822,0.6,0
3031,0,824,0.3,1
3032,0,1096,0.3,0
3033,0,1096,0.4,1
3034,0,1096,0.2,1
3035,0,833,0.1,1
3036,0,37,0.3,1
3037,1,363,0.255,1
3038,0,1096,0.2,1
3039,0,1096,0.5,1
3040,0,491,0.4,1
3041,0,1096,0.18,1
3042,0,1096,0.31,1
3043,0,1096,0.6,0
3044,1,183,0.385,1
3045,0,813,0.48,1
3046,0,625,1.0,1
3047,0,1096,0.4615,1
3048,0,1096,0.5,0
3049,1,486,0.2,1
3050,0,1096,0.1,1
3051,0,25,0.25,0
3052,0,726,0.41,1
3053,1,669,1.4,0
3054,0,283,0.1,1
3055,0,1096,0.315,1
3056,0,193,0.35,0
3057,0,120,0.35,1
3058,1,243,0.3,1
3059,0,1096,0.1,1
3060,0,1096,0.1,1
3061,0,1096,0.11,1
3062,1,794,0.2,1
3063,1,394,0.8,0
3064,0,1092,0.5,1
3065,0,860,0.2,0
3066,1,182,0.6,1
3067,0,338,0.5,1
3068,0,63,0.25,0
3069,0,260,0.5,1
3070,1,516,0.3,1
3071,1,305,0.78,1
3072,0,1096,0.8,1
3073,0,1096,0.15,1
3074,0,1102,2.5,1
3075,0,399,0.2,0
3076,1,456,0.255,0
3077,0,1096,0.5,1
3078,0,633,0.3001,0
3079,0,1096,1.0,1
3080,0,679,0.19,1
3081,1,425,1.5,0
3082,0,512,0.1,1
3083,1,639,0.18,0
3084,0,824,0.5,1
3085,0,1096,0.6001,0
3086,0,1096,0.1,1
3087,0,1096,1.0,1
3088,0,1096,0.2,0
3089,0,1096,0.3,1
3090,1,211,0.2,1
3091,1,547,0.1,1
3092,0,1043,0.1,1
3093,0,925,0.3,1
3094,1,486,0.65,0
3095,0,235,0.6,0
3096,0,1096,0.8,1
3097,0,638,0.8,1
3098,0,670,0.17,1
3099,0,1096,0.255,1
3100,0,955,0.27,1
3101,0,930,0.1,1
3102,0,251,0.8,0
3103,0,42,2.5,1
3104,0,1107,0.65,1
3105,1,547,0.2,1
3106,0,189,1.5,0
3107,1,333,0.13,1
3108,0,334,0.45,0
3109,0,332,0.505,0
3110,0,1096,0.3,0
3111,0,781,0.15,1
3112,1,151,0.3,1
3113,0,79,0.2,1
3114,1,364,0.1,0
3115,1,348,1.0,0
3116,0,1096,0.65,0
3117,0,639,0.185,1
3118,0,489,0.3,1
3119,0,832,1.0,1
3120,1,303,0.255,1
3121,0,1096,0.1,1
3122,0,1096,1.2,1
3123,0,525,0.2,0
3124,0,298,0.3,1
3125,0,511,0.5,0
3126,0,826,0.34,1
3127,0,731,0.5,1
3128,0,115,0.29,1
3129,1,425,0.7,0
3130,0,1106,0.45,0
3131,0,351,0.9,1
3132,0,1035,0.6,0
3133,0,7,0.1,0
3134,1,182,0.25,1
3135,0,974,0.35,1
3136,0,214,1.0001,1
3137,0,1027,0.26,1
3138,1,1036,1.0,0
3139,0,189,0.3,1
3140,0,686,0.55,1
3141,0,1096,0.5,0
3142,0,1096,1.0,0
3143,0,182,0.3,1
3144,0,1096,0.65,0
3145,0,1096,0.5,1
3146,0,1096,1.5,0
3147,0,1096,0.25,0
3148,0,1096,0.8,0
3149,1,274,0.15,1
3150,1,213,0.1,1
3151,0,876,0.5,1
3152,1,1218,0.6,0
3153,1,578,0.25,1
3154,0,209,0.22,0
3155,1,854,2.0,0
3156,0,83,0.1,0
3157,0,146,0.255,1
3158,0,1096,0.35,1
3159,0,243,0.15,1
3160,1,1036,0.3,1
3161,1,882,1.82,0
3162,0,685,0.4,1
3163,0,114,0.5,1
3164,1,333,0.27699999999999997,1
3165,0,150,0.3,1
3166,0,246,0.2,0
3167,0,241,0.5,1
3168,0,869,0.9,0
3169,0,578,1.5,0
3170,0,1096,0.3775,1
3171,0,630,0.5,1
3172,1,333,2.0,1
3173,1,455,0.8,1
3174,0,947,0.15,1
3175,0,603,0.1,1
3176,1,151,0.1525,1
3177,0,1096,0.255,1
3178,0,1096,0.2,1
3179,0,1043,0.1,1
3180,0,721,0.25,1
3181,0,7,0.2,0
3182,0,23,0.3,1
3183,0,1096,0.6001,0
3184,1,425,0.1125,1
3185,0,941,1.0,0
3186,0,1096,0.18,1
3187,1,883,0.5,0
3188,0,320,0.5,1
3189,0,1096,0.5,1
3190,0,1002,0.45,1
3191,1,333,1.65,0
3192,1,578,0.8775,1
3193,0,331,0.2,1
3194,0,429,0.1,0
3195,1,577,1.1,0
3196,1,1097,0.2975,1
3197,0,1096,1.0,0
3198,0,515,0.3001,0
3199,0,366,0.35,1
3200,0,604,0.1138,1
3201,1,425,0.3,1
3202,0,1096,0.255,1
3203,1,516,0.35,1
3204,1,274,0.4,1
3205,0,1096,0.2,1
3206,0,221,0.5,1
3207,1,335,0.3001,1
3208,0,1050,0.4,1
3209,1,1158,0.8,1
3210,0,334,0.18,1
3211,1,274,0.3,1
3212,1,336,1.0,1
3213,1,302,0.1,1
3214,1,182,0.2052,1
3215,0,1096,0.25,0
3216,0,928,0.5,1
3217,0,854,0.4,0
3218,0,1096,0.4,0
3219,0,924,0.365,1
3220,0,618,0.47,1
3221,0,726,0.255,1
3222,1,333,0.6,1
3223,1,274,0.6,1
3224,0,132,0.75,0
3225,1,364,0.15,1
3226,1,182,0.1025,1
3227,0,953,0.25,0
3228,0,312,0.5,0
3229,0,1096,1.0,1
3230,0,97,0.3,1
3231,0,639,0.5,0
3232,0,65,0.3,1
3233,0,14,0.255,1
3234,1,272,0.5,1
3235,0,1096,1.0,1
3236,1,274,0.1025,1
3237,0,1096,0.175,0
3238,0,1201,0.255,1
3239,0,138,0.1,0
3240,1,335,1.6,0
3241,1,212,0.36,1
3242,0,577,0.5,1
3243,0,644,0.255,0
3244,0,1096,1.49,1
3245,1,274,0.255,0
3246,0,1066,0.3,0
3247,0,109,0.4,1
3248,0,406,0.1,1
3249,0,179,0.25,0
3250,0,681,0.39,1
3251,0,354,0.2501,1
3252,0,433,0.29,0
3253,0,1096,0.21,1
3254,1,213,0.9,0
3255,1,213,0.2,1
3256,1,183,0.2,1
3257,0,874,1.0,0
3258,0,149,1.5,0
3259,0,1096,1.2,0
3260,0,798,0.52,1
3261,1,424,0.5,1
3262,1,729,0.244,0
3263,0,257,0.3,0
3264,0,1096,1.5,1
3265,0,209,0.275,0
3266,0,1096,0.8,0
3267,0,460,0.5,1
3268,0,1040,0.7,1
3269,0,354,0.1025,0
3270,0,914,1.0,1
3271,0,1096,1.0,0
3272,0,1096,0.7575,0
3273,0,618,0.85,0
3274,0,918,0.15,0
3275,1,183,0.255,1
3276,0,629,1.2,0
3277,0,178,0.25,1
3278,0,1096,0.25,1
3279,0,1061,0.25,1
3280,0,152,0.285,1
3281,0,1096,0.2,0
3282,0,923,1.3,1
3283,1,243,0.3001,1
3284,1,333,0.12,1
3285,0,1037,0.4,1
3286,0,445,1.0101,0
3287,0,1096,0.18,1
3288,0,1096,0.3,1
3289,0,1096,0.255,0
3290,0,406,0.5,1
3291,1,364,0.65,1
3292,1,151,0.31,1
3293,0,978,0.2203,1
3294,1,274,0.5,1
3295,0,139,0.19,0
3296,0,463,0.45,0
3297,0,1148,0.7,1
3298,1,274,0.3,1
3299,1,547,0.3,1
3300,1,363,1.0,0
3301,0,402,0.1,1
3302,0,55,1.3999,0
3303,1,397,0.3,1
3304,1,213,0.75,0
3305,0,162,0.1025,1
3306,1,241,0.1,0
3307,0,357,0.75,1
3308,0,979,0.8,0
3309,1,669,0.5,0
3310,0,1096,1.5,1
3311,1,700,0.31,1
3312,0,1096,0.4,1
3313,0,1072,0.36,1
3314,1,1100,0.5,1
3315,0,1096,0.5,1
3316,1,364,0.3,1
3317,1,364,0.27,1
3318,0,1096,0.1,0
3319,0,1096,2.37,0
3320,1,302,0.2,0
3321,1,333,0.15,1
3322,1,243,0.3001,1
3323,1,211,0.25,1
3324,1,396,1.0,1
3325,0,118,0.6001,1
3326,0,594,0.6001,1
3327,1,394,0.5,1
3328,1,213,0.2,1
3329,0,455,0.3,1
3330,0,853,0.15,0
3331,0,926,0.3,0
3332,0,977,1.02,0
3333,0,457,0.3,1
3334,0,113,0.6,1
3335,1,274,0.1,0
3336,0,65,0.5,1
3337,1,303,0.25,0
3338,0,1072,1.0002,1
3339,0,599,1.4,1
3340,0,829,0.3,1
3341,0,1066,0.25,0
3342,0,1096,0.1,1
3343,0,414,0.3,0
3344,0,80,0.1,0
3345,0,447,0.5,1
3346,1,272,0.49,0
3347,0,63,0.3,1
3348,0,1096,0.3001,1
3349,0,71,1.0,1
3350,0,1096,0.35,1
3351,0,1096,0.15,0
3352,0,576,0.3,1
3353,0,852,0.4,1
3354,0,534,0.505,1
3355,1,1217,0.1,0
3356,1,366,0.2999,1
3357,1,272,1.0,0
3358,0,79,0.1,0
3359,0,1096,0.5055,0
3360,0,357,0.2,1
3361,0,660,0.3001,0
3362,1,364,0.5,1
3363,0,1096,0.5,0
3364,0,148,0.15,1
3365,0,680,0.4,1
3366,0,1107,0.15,1
3367,0,1096,0.5,1
3368,1,333,0.3,1
3369,1,363,0.5,0
3370,0,821,2.3,0
3371,0,315,0.5,1
3372,0,1096,0.6,0
3373,0,1107,0.1,0
3374,0,973,0.3,1
3375,0,517,2.0,1
3376,1,333,0.15,1
3377,0,75,1.2,0
3378,0,1096,0.255,1
3379,0,792,0.4,1
3380,0,245,0.99,1
3381,0,1016,0.1,1
3382,0,911,1.6,1
3383,0,306,0.2,0
3384,0,1107,0.6,1
3385,0,1096,0.38,0
3386,1,305,1.3,1
3387,0,1096,0.3,1
3388,0,259,0.5,0
3389,1,363,0.2,0
3390,0,97,0.2025,0
3391,1,425,0.12,1
3392,0,1096,0.2,0
3393,0,120,0.8,1
3394,0,1096,0.3,1
3395,0,152,1.0,1
3396,0,420,0.15,1
3397,1,517,0.49,1
3398,0,720,0.6,0
3399,1,578,0.46,0
3400,0,840,0.3,1
3401,1,333,0.3,0
3402,1,211,0.35,0
3403,1,486,0.3,1
3404,1,425,0.55,1
3405,1,274,0.15,1
3406,0,1096,0.825,1
3407,1,241,1.6,0
3408,0,447,0.3001,1
3409,1,213,1.2,1
3410,0,625,0.9,1
3411,0,457,0.2,1
3412,0,1096,0.45,1
3413,0,50,0.4,0
3414,1,363,0.26,1
3415,0,875,0.55,1
3416,0,1096,0.26,1
3417,0,1125,0.7,0
3418,1,302,0.25,0
3419,0,497,0.255,1
3420,0,1096,0.1,1
3421,0,1096,0.6001,1
3422,1,213,0.1,1
3423,0,355,0.17,1
3424,0,998,0.5,1
3425,0,562,0.1,0
3426,0,1049,0.54,0
3427,0,420,0.5,1
3428,0,1076,1.0,1
3429,0,527,0.89,1
3430,1,760,0.12,1
3431,0,75,1.0,1
3432,0,487,1.0,1
3433,0,245,0.1,1
3434,0,518,0.6,1
3435,1,182,0.37,1
3436,0,1096,0.2,1
3437,0,153,0.25,0
3438,0,797,0.2,1
3439,1,213,0.45,1
3440,0,1096,0.66,1
3441,1,333,2.5,0
3442,0,1050,1.0,1
3443,0,606,0.7,0
3444,0,1096,0.1,1
3445,0,1096,0.72,1
3446,0,568,0.3,1
3447,1,670,1.0001,0
3448,0,1096,0.455,1
3449,0,1070,0.3,1
3450,0,1096,0.5,1
3451,0,1029,0.75,0
3452,1,182,0.25,1
3453,0,504,0.25,1
3454,0,287,1.0,1
3455,0,149,0.25,1
3456,1,272,0.3,1
3457,1,669,2.5,1
3458,0,1096,0.75,0
3459,0,1096,0.8,1
3460,0,1096,0.3,1
3461,0,1096,1.0,0
3462,0,1096,0.25,1
3463,0,1096,0.5,0
3464,1,425,0.35,0
3465,0,225,0.6001,1
3466,0,573,0.75,1
3467,1,182,0.25,1
3468,0,1082,0.5,1
3469,1,730,0.3,1
3470,0,1016,1.7,1
3471,0,222,0.25,0
3472,1,182,0.6001,1
3473,0,1096,0.99,0
3474,0,1096,0.3,1
3475,0,749,0.2,1
3476,0,974,0.1,0
3477,0,811,0.55,0
3478,0,1093,0.45,0
3479,0,404,0.1,1
3480,0,1096,0.1,1
3481,0,887,0.115,1
3482,0,201,0.3033,0
3483,0,1096,1.2,1
3484,0,534,0.4,1
3485,0,379,0.8,1
3486,0,456,0.35,1
3487,0,796,1.125,1
3488,0,606,0.2,1
3489,1,335,0.2,1
3490,0,1096,0.35,1
3491,1,182,0.15,1
3492,1,303,0.2,1
3493,0,609,0.4,1
3494,0,1096,0.75,1
3495,0,298,0.5,0
3496,0,1096,0.5,0
3497,0,993,0.5,0
3498,1,975,0.5,1
3499,0,1096,0.5,0
3500,0,70,0.1,1
3501,0,49,0.6,1
3502,0,321,0.31,1
3503,0,10,0.36,0
3504,0,49,0.5,1
3505,0,1096,0.1,1
3506,0,208,0.25,0
3507,1,182,0.255,1
3508,1,333,0.15,1
3509,1,699,1.5,1
3510,1,333,0.5,1
3511,0,971,0.3,1
3512,0,910,0.15,0
3513,1,305,1.2,1
3514,0,511,0.12,1
3515,0,154,0.4,1
3516,0,568,0.7,1
3517,0,1120,0.4,1
3518,0,1096,0.85,1
3519,1,212,0.2999,1
3520,1,456,0.1,1
3521,1,333,0.3,1
3522,0,1096,2.5,1
3523,0,528,0.15,1
3524,0,65,2.5,1
3525,1,305,0.3001,1
3526,1,182,0.3,1
3527,0,707,0.425,1
3528,1,547,0.1,0
3529,0,1096,0.26,1
3530,0,1096,0.6001,1
3531,0,915,0.35,1
3532,0,1096,0.35,1
3533,0,407,0.25,0
3534,0,504,0.5,0
3535,1,425,0.3,1
3536,0,1096,0.25,1
3537,1,425,0.9,1
3538,1,425,0.85,1
3539,0,380,0.7,0
3540,1,486,0.45,0
3541,1,363,0.15,1
3542,0,510,0.3,1
3543,0,270,0.4,1
3544,0,1096,1.0,1
3545,0,695,0.35,0
3546,0,699,0.2,1
3547,0,408,1.0,0
3548,0,715,0.35,0
3549,1,243,0.1,1
3550,1,486,0.75,0
3551,0,624,0.7,1
3552,1,364,0.2,1
3553,1,304,0.235,0
3554,1,425,0.32,0
3555,0,1012,0.125,1
3556,0,903,0.3,0
3557,0,1083,0.2,1
3558,0,465,0.25,1
3559,0,49,0.1,1
3560,0,1096,0.4,1
3561,0,1096,0.11,0
3562,0,1096,2.0,0
3563,1,151,0.125,0
3564,0,911,0.2,1
3565,0,342,0.5,0
3566,1,302,0.395,1
3567,0,1037,0.5,0
3568,0,527,0.11,1
3569,0,56,0.1,1
3570,1,668,0.3001,1
3571,1,364,0.6001,1
3572,1,242,0.2,1
3573,0,734,0.3,1
3574,1,272,0.3,1
3575,0,1051,0.1025,0
3576,0,1096,0.35,1
3577,0,581,0.5,0
3578,1,274,0.5,0
3579,0,549,0.5,1
3580,0,1096,0.1,1
3581,0,701,0.7,1
3582,0,1096,1.0,0
3583,1,182,0.3,1
3584,0,1096,0.6,1
3585,0,1096,0.3,1
3586,0,331,0.5,1
3587,1,152,0.1,1
3588,0,1096,0.1,0
3589,1,212,0.32,1
3590,0,611,0.25,1
3591,0,39,0.5,0
3592,1,212,0.4,0
3593,0,1035,0.2,1
3594,0,1064,0.12,1
3595,0,810,0.15,0
3596,0,344,0.55,0
3597,1,364,0.4,1
3598,0,98,0.1,1
3599,0,285,2.5,0
3600,0,169,0.7,1
3601,1,211,0.115,0
3602,1,517,0.96,0
3603,0,580,0.1,1
3604,0,860,0.8,0
3605,0,1096,0.5,1
3606,0,340,0.255,1
3607,1,182,0.5,1
3608,1,455,0.275,0
3609,0,1107,0.5,1
3610,0,221,0.46,0
3611,0,1096,0.295,1
3612,0,1096,0.3,1
3613,0,45,0.1,0
3614,0,308,1.0001,1
3615,0,520,1.28,1
3616,0,727,0.52,1
3617,1,213,0.3001,1
3618,1,547,0.4,1
3619,0,1022,0.16,1
3620,0,473,0.45,0
3621,1,274,0.5,0
3622,1,182,0.8,1
3623,1,152,0.35,1
3624,1,394,1.5,1
3625,0,356,0.15,1
3626,1,243,0.35,1
3627,0,1032,0.6001,1
3628,0,256,0.54,0
3629,0,507,2.5,0
3630,0,217,0.3,1
3631,0,357,0.1,0
3632,0,511,0.3001,1
3633,0,1096,0.25,1
3634,1,639,0.8,1
3635,1,244,0.4,1
3636,0,470,0.35,1
3637,0,1096,0.5,0
3638,0,146,0.5,0
3639,1,213,0.4,1
3640,0,858,0.28,1
3641,0,736,0.3001,0
3642,0,1096,0.255,1
3643,1,638,0.1,0
3644,0,731,0.15,1
3645,1,852,0.8,1
3646,0,99,0.15,0
3647,0,861,0.2,1
3648,0,125,0.3,0
3649,0,1096,0.5,0
3650,0,1096,0.255,1
3651,0,90,0.16,0
3652,0,890,0.4,1
3653,0,630,1.0,1
3654,0,863,0.61,0
3655,0,397,0.27699999999999997,1
3656,0,1096,0.3,1
3657,0,967,0.7,0
3658,0,993,0.2,0
3659,1,213,0.5,1
3660,1,638,0.2,1
3661,0,440,2.0,1
3662,0,1096,2.0,0
3663,0,1096,0.5,1
3664,0,1096,1.0,1
3665,0,731,0.1675,1
3666,1,394,0.3,1
3667,1,333,0.6001,1
3668,0,764,1.0,0
3669,0,242,0.1,1
3670,1,336,0.6,1
3671,1,1003,2.5,1
3672,1,302,0.1,1
3673,0,534,1.2,0
3674,0,1096,0.2,1
3675,1,486,0.3,0
3676,0,859,0.41,1
3677,0,1096,0.45,0
3678,0,317,0.1,1
3679,0,1107,0.1,1
3680,1,274,0.2,1
3681,0,585,0.1,1
3682,0,1096,1.4,0
3683,0,1096,0.3,1
3684,0,1043,2.5,0
3685,0,1096,0.455,1
3686,0,1033,0.27,0
3687,1,517,0.3,0
3688,0,1079,0.255,1
3689,0,1096,0.45,0
3690,1,213,0.3,0
3691,0,1096,1.0,0
3692,1,333,0.1911,1
3693,0,1096,0.15,1
3694,0,1096,0.25,0
3695,0,1096,0.225,1
3696,0,69,0.6,1
3697,0,419,0.1,1
3698,0,537,0.255,1
3699,0,423,0.2,1
3700,0,913,0.8,1
3701,1,336,0.46,1
3702,0,1096,0.5,0
3703,0,367,0.3,0
3704,0,242,1.0,0
3705,0,112,0.193,0
3706,0,208,1.5,1
3707,0,625,0.255,1
3708,0,227,0.1,0
3709,0,21,0.3,1
3710,0,238,1.05,1
3711,0,125,0.1,1
3712,0,932,0.3001,1
3713,0,1096,0.25,0
3714,0,981,0.22,1
3715,0,513,0.5,1
3716,0,997,0.5,0
3717,0,98,0.5,1
3718,0,1096,0.12,1
3719,0,915,0.95,0
3720,0,420,0.5,1
3721,0,1096,0.1,0
3722,0,49,0.1,0
3723,0,266,0.1,1
3724,0,810,0.305,1
3725,0,1096,0.1,0
3726,0,1096,0.25,0
3727,0,1078,0.5,0
3728,0,987,0.35,1
3729,0,1096,0.6001,0
3730,1,182,0.3,1
3731,1,333,0.8,0
3732,0,466,0.7,1
3733,1,366,0.7,0
3734,0,997,0.1,0
3735,0,751,0.5,0
3736,1,578,0.65,0
3737,0,1096,0.3,0
3738,0,121,0.3,0
3739,0,60,0.6001,1
3740,0,1096,0.3001,0
3741,0,1096,1.0,1
3742,1,182,0.355,1
3743,0,1096,0.22,1
3744,1,916,0.35,1
3745,0,997,0.35,0
3746,1,272,0.25,1
3747,1,213,0.2,1
3748,0,742,0.25,0
3749,0,205,0.3,1
3750,0,1096,1.0,0
3751,0,965,0.1,0
3752,0,65,0.25,0
3753,0,1096,1.0,1
3754,0,492,1.0102,1
3755,0,1096,0.1,0
3756,0,1096,0.35,1
3757,1,302,0.1,1
3758,0,1096,0.6,1
3759,1,486,0.25,1
3760,1,394,0.505,0
3761,0,815,0.12,1
3762,0,1032,0.15,0
3763,0,1122,0.5,0
3764,0,934,0.1,1
3765,0,919,0.45,0
3766,1,394,0.4,0
3767,0,542,2.0,1
3768,0,1096,0.975,1
3769,0,1096,1.0,1
3770,0,848,0.1,0
3771,0,180,1.0001,0
3772,0,670,1.25,0
3773,0,1096,0.295,1
3774,0,608,1.9,0
3775,0,186,0.2,1
3776,1,1097,0.3001,1
3777,0,1096,1.0,0
3778,0,909,0.2,1
3779,1,152,0.255,1
3780,1,272,0.65,1
3781,0,986,0.3001,1
3782,1,394,0.5,0
3783,0,1096,0.75,1
3784,0,131,0.6,0
3785,0,89,0.255,1
3786,1,425,0.255,1
3787,1,182,0.5,1
3788,0,519,0.1,1
3789,0,788,0.5,1
3790,1,274,0.4,1
3791,0,189,0.3,0
3792,0,1096,0.4,1
3793,0,1096,0.2,0
3794,0,592,0.4,0
3795,0,1096,0.3,0
3796,1,364,0.11,1
3797,0,717,0.8,1
3798,0,218,0.235,0
3799,1,364,0.375,1
3800,0,1,0.4997,0
3801,0,1096,0.255,1
3802,1,213,0.5,1
3803,1,241,0.1,1
3804,1,1158,1.0,1
3805,0,1191,0.14,1
3806,0,273,0.4,1
3807,0,880,0.15,1
3808,0,907,1.5,1
3809,0,622,0.4,1
3810,0,1096,0.5,1
3811,1,336,0.1,1
3812,0,406,0.5,1
3813,0,605,0.8,0
3814,0,1096,0.5,0
3815,1,305,0.5,1
3816,0,1096,0.45,1
3817,1,244,0.1,1
3818,0,1096,0.5,1
3819,0,604,0.3,1
3820,1,547,0.4,1
3821,1,274,0.37799999999999995,0
3822,0,464,0.5,1
3823,1,213,0.45,1
3824,0,1084,0.3001,0
3825,0,1096,0.35,1
3826,1,333,0.46,0
3827,1,213,0.1495,1
3828,0,694,0.1525,1
3829,0,72,0.25,0
3830,0,1096,0.74,1
3831,1,364,0.475,1
3832,0,405,1.0001,1
3833,1,211,0.185,1
3834,1,242,0.4,1
3835,0,750,0.3,1
3836,0,608,0.19,0
3837,0,547,0.85,1
3838,0,132,0.255,1
3839,1,516,0.305,1
3840,1,305,0.3035,0
3841,0,1096,0.31,1
3842,0,3,0.255,1
3843,0,342,0.6002,1
3844,0,1096,0.5,0
3845,0,166,0.9,0
3846,0,700,0.6,1
3847,0,903,0.2,1
3848,0,73,0.4997,0
3849,0,1096,0.3,1
3850,1,152,0.5,1
3851,0,1127,1.0,1
3852,0,966,0.5,0
3853,1,151,0.255,1
3854,0,285,0.1,0
3855,0,1096,0.3,0
3856,0,1096,0.4,1
3857,1,333,0.65,0
3858,0,1096,0.75,0
3859,0,1096,0.15,1
3860,0,1096,0.35,0
3861,0,11,0.3,1
3862,0,1073,0.3,1
3863,0,1096,0.5,1
3864,0,653,0.9,1
3865,0,431,0.99,0
3866,0,70,0.2025,1
3867,0,673,1.0,1
3868,1,862,0.255,1
3869,0,731,0.3,0
3870,1,304,0.255,1
3871,0,1096,0.3,0
3872,1,151,0.3001,1
3873,0,274,0.9,1
3874,1,333,0.255,1
3875,0,845,0.675,1
3876,0,335,0.3,1
3877,1,394,0.19,1
3878,0,1096,0.8,0
3879,0,210,0.23,1
3880,1,212,0.255,1
3881,0,69,0.1,0
3882,0,1096,0.5,1
3883,0,293,0.2,1
3884,0,1092,0.6001,1
3885,0,1086,0.55,1
3886,1,1189,1.5,0
3887,1,213,0.1,1
3888,0,357,0.5,1
3889,0,1096,1.5,0
3890,0,503,2.5,0
3891,0,564,0.7,1
3892,0,1096,0.5,0
3893,0,1066,0.8,1
3894,0,259,1.1,0
3895,1,1219,1.0135,1
3896,1,578,0.3,0
3897,0,511,0.7,1
3898,0,831,0.2,1
3899,0,866,1.22,1
3900,1,396,0.25,1
3901,1,486,0.1,1
3902,0,1096,0.45,0
3903,0,554,0.1,1
3904,1,304,0.35,1
3905,0,1096,0.5,1
3906,0,644,2.0,1
3907,0,609,0.405,1
3908,0,148,0.7,1
3909,0,1096,0.15,1
3910,0,243,0.25,1
3911,0,1096,1.51,1
3912,0,209,0.255,1
3913,1,397,0.7,1
3914,0,136,0.7,0
3915,1,152,0.5,1
3916,0,375,0.25,1
3917,0,946,0.3001,0
3918,0,857,0.15,1
3919,0,967,0.6001,1
3920,0,1077,0.28,1
3921,1,732,0.2,1
3922,1,425,0.5,0
3923,0,210,0.1,0
3924,1,394,1.0,0
3925,0,1008,0.3,1
3926,0,336,0.55,1
3927,1,760,0.35,1
3928,0,935,0.3,0
3929,0,1096,0.5,0
3930,0,182,2.0,0
3931,0,851,0.2,1
3932,0,1096,0.3,1
3933,0,1096,0.1,1
3934,0,1096,0.5,0
3935,0,1096,0.45,0
3936,1,1095,2.5,0
3937,1,243,0.1,1
3938,0,1096,1.7127,1
3939,1,241,0.3,1
3940,0,658,0.35,0
3941,0,145,0.1,1
3942,0,1096,0.2,1
3943,0,622,1.65,0
3944,0,33,0.25,0
3945,0,1096,0.75,0
3946,0,1096,0.2,1
3947,0,129,0.1,1
3948,0,345,0.5,1
3949,1,244,0.3,1
3950,1,335,0.25,1
3951,1,213,0.43,1
3952,1,213,0.26,1
3953,0,91,0.3,0
3954,0,1065,0.39,1
3955,0,1096,0.8863,1
3956,1,274,0.3,1
3957,0,1096,0.31,1
3958,0,1037,1.05,1
3959,0,27,0.29,1
3960,0,594,0.325,1
3961,0,833,0.275,1
3962,1,760,0.39,1
3963,1,305,0.3,1
3964,1,883,1.83,0
3965,0,208,0.3,1
3966,1,151,0.12,1
3967,0,63,0.5,0
3968,0,1096,0.3,1
3969,1,183,0.35,0
3970,0,447,0.9,1
3971,0,1096,0.3,1
3972,0,61,0.3,1
3973,0,477,0.8,1
3974,0,88,0.8,1
3975,0,1047,0.95,0
3976,0,690,0.45,1
3977,1,394,0.3,1
3978,1,242,0.1225,1
3979,0,679,0.6001,1
3980,0,420,0.32,0
3981,1,244,0.2,1
3982,1,458,0.14,1
3983,0,1096,0.1,1
3984,1,333,0.3,1
3985,0,1066,0.33,0
3986,1,242,0.4,1
3987,0,952,0.35,0
3988,0,988,0.1,1
3989,0,731,0.4,1
3990,0,1089,1.3,1
3991,0,1096,0.5,1
3992,0,1096,2.0,1
3993,0,1096,1.4,0
3994,0,357,0.3,0
3995,0,834,0.25,1
3996,0,1037,0.17,1
3997,1,242,0.45,1
3998,0,33,0.12,1
3999,1,885,0.74,1
4000,0,1096,0.7,1
4001,0,170,0.6001,1
4002,1,305,0.3001,1
4003,0,1166,0.43,0
4004,0,1096,0.1,0
4005,0,1096,0.35,0
4006,0,1107,0.325,1
4007,0,1096,0.5,1
4008,0,1096,0.3,1
4009,0,649,0.5,0
4010,1,213,0.12,1
4011,0,1096,1.0,0
4012,0,299,1.7,1
4013,1,577,0.3,1
4014,0,1096,0.75,1
4015,1,274,0.28800000000000003,0
4016,0,1096,0.2999,1
4017,0,956,0.1,1
4018,0,426,1.6,0
4019,0,579,0.5,0
4020,0,1096,0.3,0
4021,0,121,0.25,1
4022,0,611,0.1,1
4023,1,577,0.5,1
4024,1,274,0.3001,1
4025,0,1096,0.1,1
4026,0,371,0.25,1
4027,0,973,0.4995,1
4028,0,923,0.3,1
4029,0,994,0.1,0
4030,1,151,0.1,1
4031,0,161,0.1,0
4032,0,1096,0.25,1
4033,0,1096,2.0,1
4034,1,425,0.35,1
4035,0,663,0.15,1
4036,0,857,0.25,1
4037,0,1096,0.3,0
4038,0,1096,0.1,1
4039,0,1096,0.3,1
4040,1,333,0.5,0
4041,1,152,0.32,1
4042,0,1107,0.165,1
4043,0,964,0.47,0
4044,0,1066,0.4,1
4045,1,213,2.0,0
4046,0,2,0.3,1
4047,0,1096,0.3,0
4048,1,486,0.2,1
4049,0,1096,1.0,1
4050,0,931,1.0,1
4051,0,709,0.29,1
4052,1,394,0.1,1
4053,0,1192,0.7,1
4054,1,364,0.115,1
4055,0,417,0.4,1
4056,1,548,0.5,0
4057,1,213,0.3001,1
4058,0,226,0.15,1
4059,0,1096,0.275,0
4060,0,860,0.3,1
4061,0,1078,0.3001,1
4062,1,1067,0.9,0
4063,0,252,0.15,0
4064,0,315,0.1,1
4065,0,469,0.1,1
4066,0,731,0.1,1
4067,0,1096,0.4,1
4068,0,349,0.125,1
4069,0,1096,0.1,1
4070,0,765,1.0,0
4071,0,1091,0.1,1
4072,0,344,0.5,0
4073,0,921,0.5,0
4074,0,673,0.3,1
4075,1,336,0.28,1
4076,1,971,0.21,1
4077,0,909,0.35,1
4078,0,190,0.6001,1
4079,0,722,1.0,0
4080,1,394,0.3,1
4081,0,560,0.3001,0
4082,0,959,0.5,0
4083,0,1065,0.26,1
4084,1,335,0.7,1
4085,0,197,0.25,1
4086,0,453,0.3,1
4087,0,1104,0.95,0
4088,1,394,0.3,1
4089,1,274,0.5,0
4090,0,1035,0.2,0
4091,1,305,0.3,1
4092,0,1096,0.2,1
4093,0,623,0.2,0
4094,0,1096,0.15,0
4095,1,272,0.4,1
4096,1,335,0.8365,0
4097,1,211,0.125,1
4098,1,882,0.35,1
4099,0,10,0.25,0
4100,0,343,0.3,0
4101,0,895,0.33,1
4102,0,945,0.1,1
4103,1,394,0.4,1
4104,1,364,0.4,1
4105,0,1096,0.6001,1
4106,1,578,0.2,1
4107,1,243,0.15,1
4108,0,1096,0.1,1
4109,0,654,0.1,1
4110,0,74,0.1,0
4111,0,819,0.2,1
4112,0,830,0.1,1
4113,0,1096,0.3001,0
4114,0,1096,0.75,1
4115,0,489,0.12,1
4116,0,24,0.4,1
4117,0,1096,0.3,1
4118,0,943,0.3,1
4119,0,484,0.315,0
4120,0,294,1.25,0
4121,1,303,0.125,1
4122,1,456,0.3,1
4123,0,1107,0.3,1
4124,0,303,0.1,0
4125,0,749,1.0,0
4126,0,1096,0.4,0
4127,0,1096,0.5,1
4128,0,1096,0.61,0
4129,0,227,0.6001,0
4130,0,1065,2.5,1
4131,1,243,0.71,1
4132,0,669,1.2,1
4133,1,363,0.1,1
4134,0,928,1.0,1
4135,1,304,0.135,1
4136,1,152,0.1,1
4137,0,429,0.3001,1
4138,0,1096,0.3001,1
4139,0,1074,0.15,1
4140,1,638,0.7,0
4141,1,213,0.1,1
4142,0,639,0.45,1
4143,0,240,0.8,0
4144,1,1125,1.0,0
4145,1,182,0.5,1
4146,0,1065,0.5329,1
4147,0,214,0.4,1
4148,0,731,0.2,1
4149,0,1107,0.35,0
4150,1,243,0.2551,1
4151,0,206,1.09,1
4152,0,1096,0.5,0
4153,0,1096,0.2,1
4154,0,374,1.0,0
4155,1,303,0.3,0
4156,0,570,0.65,0
4157,0,792,0.3001,0
4158,0,651,0.5,0
4159,0,172,0.26,0
4160,0,612,0.45,1
4161,0,1060,2.0,0
4162,1,425,0.18,1
4163,1,946,0.4,0
4164,0,747,0.75,1
4165,0,976,0.3,1
4166,0,458,0.5,0
4167,0,51,0.25,0
4168,0,1096,0.35,1
4169,0,1117,0.15,0
4170,1,363,2.5,1
4171,0,1096,0.3001,1
4172,0,669,0.35,1
4173,0,203,1.5,1
4174,0,108,0.15,1
4175,0,189,0.3,1
4176,0,448,0.55,1
4177,0,1073,0.25,1
4178,1,303,0.15,1
4179,0,1128,0.255,1
4180,0,613,0.15,1
4181,1,183,0.3001,1
4182,1,425,1.0,0
4183,0,1096,0.3001,1
4184,0,1107,0.55,1
4185,1,333,0.35,1
4186,1,213,0.27,0
4187,0,586,0.635,1
4188,0,1096,1.0,1
4189,1,182,0.125,1
4190,1,241,0.38,1
4191,0,712,0.14,1
4192,0,69,0.3,0
4193,0,1019,0.3001,1
4194,0,1004,0.45,1
4195,0,1091,0.3,1
4196,0,1096,0.12,0
4197,0,1096,0.46,1
4198,0,699,0.6,1
4199,0,852,0.55,0
4200,1,182,0.15,1
4201,0,960,0.2,1
4202,1,244,0.125,1
4203,0,1001,0.255,1
4204,0,899,0.15,1
4205,0,1096,0.6,0
4206,1,182,0.35,1
4207,0,1093,0.15,1
4208,1,363,0.255,1
4209,1,182,0.255,1
4210,0,1096,0.2,1
4211,0,1044,0.8,1
4212,0,1096,2.5,1
4213,0,1096,0.5,1
4214,1,152,0.3,1
4215,1,151,0.29,1
4216,0,1086,0.1,0
4217,0,1096,1.2,0
4218,0,931,1.49,0
4219,1,274,2.5,0
4220,0,1096,0.2499,1
4221,0,549,0.1,1
4222,0,993,0.23,1
4223,1,182,0.47,0
4224,1,272,0.6,1
4225,1,1219,0.3001,1
4226,1,182,1.01,0
4227,0,1094,0.35,1
4228,0,1046,0.5,1
4229,1,272,2.5,0
4230,0,1096,0.3,1
4231,0,576,0.3,0
4232,1,826,0.25,1
4233,0,1096,0.7,0
4234,0,464,0.3,0
4235,0,434,0.1,1
4236,0,1096,0.255,1
4237,0,787,2.5,0
4238,0,244,0.3,0
4239,0,248,0.5,0
4240,0,852,0.6,0
4241,0,16,0.1,1
4242,0,1096,0.3,1
4243,0,1103,1.0,0
4244,0,396,0.5,1
4245,0,1096,0.9,0
4246,1,274,0.4,1
4247,1,182,0.1,1
4248,0,900,0.26,1
4249,0,289,0.1,0
4250,0,616,0.65,1
4251,0,1096,0.2,1
4252,0,1096,0.6,1
4253,1,242,0.3,0
4254,1,182,0.15,1
4255,1,486,0.12,0
4256,0,173,0.6,0
4257,0,1132,0.42,1
4258,0,1096,0.6001,1
4259,0,1096,0.3,1
4260,0,327,0.18600000000000003,1
4261,1,182,0.5,1
4262,0,1096,0.15,1
4263,1,333,0.8,0
4264,0,765,0.3,1
4265,1,516,0.1001,1
4266,1,607,0.2,1
4267,0,976,0.3,0
4268,1,335,1.2,0
4269,1,152,0.4,1
4270,0,587,0.5,0
4271,1,152,0.65,1
4272,0,129,0.6001,1
4273,1,333,0.4,1
4274,0,1001,0.3,1
4275,0,1096,0.45,0
4276,0,1096,0.95,0
4277,0,881,0.3,0
4278,1,242,0.3001,1
4279,1,213,0.1,1
4280,1,272,0.25,0
4281,0,880,0.3,1
4282,1,455,0.3999,1
4283,0,1031,0.26,1
4284,0,125,0.7,0
4285,1,396,0.3,0
4286,1,302,0.1,1
4287,0,1096,0.5,0
4288,0,1096,0.3,1
4289,0,988,0.11,1
4290,1,213,0.3,1
4291,0,963,0.5,0
4292,0,1096,0.1025,1
4293,1,669,0.85,1
4294,0,180,1.0,0
4295,1,394,0.1,1
4296,0,638,0.1,1
4297,1,425,0.75,0
4298,0,1096,0.12,1
4299,0,56,0.1,0
4300,0,1096,0.5,1
4301,1,213,0.35,1
4302,0,126,0.4001,1
4303,0,882,0.1,1
4304,0,1096,0.3,0
4305,0,1077,1.5,0
4306,1,333,0.35,0
4307,0,1096,0.1425,1
4308,0,392,0.9,1
4309,0,737,0.73,1
4310,0,73,0.705,0
4311,0,1096,1.2,0
4312,0,832,0.12,1
4313,1,272,0.5,0
4314,0,1107,0.2025,1
4315,0,1065,0.3,1
4316,0,138,0.4,0
4317,0,485,0.6001,1
4318,1,363,0.1,1
4319,0,987,0.5,1
4320,0,1014,0.15,0
4321,0,1096,0.26,1
4322,0,449,1.0,0
4323,1,366,0.5,0
4324,1,916,0.2,0
4325,0,1096,0.5,0
4326,1,456,0.5,0
4327,0,96,0.1,0
4328,1,335,0.15,1
4329,1,272,0.15,1
4330,0,443,0.3001,1
4331,0,65,1.5,0
4332,0,84,0.6001,1
4333,0,350,0.2,1
4334,0,457,0.3001,1
4335,0,371,0.11,1
4336,1,243,2.5,1
4337,0,1206,0.35,0
4338,0,1036,1.0,1
4339,1,364,0.35,1
4340,0,934,0.7,1
4341,0,587,0.1,1
4342,0,715,0.5,0
4343,0,1096,0.2,1
4344,1,152,0.1,0
4345,0,294,0.1,1
4346,0,1105,0.3,1
4347,0,1096,0.65,0
4348,0,591,0.5,1
4349,1,486,0.255,1
4350,1,333,0.3001,1
4351,0,251,0.25,1
4352,0,56,0.575,1
4353,0,1096,0.3,0
4354,0,840,1.0,1
4355,0,144,0.125,1
4356,0,762,0.35,0
4357,1,608,0.25,0
4358,0,1096,0.2275,1
4359,1,151,0.255,1
4360,0,322,0.25,1
4361,1,242,0.255,1
4362,0,1096,0.2,1
4363,1,272,0.25,1
4364,0,461,0.6001,1
4365,0,175,0.3,0
4366,1,363,0.3,1
4367,0,1096,0.18,1
4368,0,913,0.1,0
4369,0,1096,0.13,1
4370,0,396,0.605,1
4371,0,266,0.3,1
4372,1,395,0.45,0
4373,0,336,0.25,1
4374,1,577,0.5,1
4375,0,1064,0.6001,1
4376,0,34,0.2,1
4377,0,1068,0.2,0
4378,1,397,0.4,0
4379,1,272,0.2,1
4380,1,394,0.5,1
4381,0,1096,0.45,0
4382,0,751,0.15,0
4383,1,517,0.255,1
4384,0,1096,1.0,0
4385,0,167,0.35,1
4386,0,312,0.75,1
4387,0,1096,0.25,0
4388,0,1096,0.3,0
4389,0,452,1.3,1
4390,0,1096,0.1,1
4391,1,427,0.5,1
4392,0,882,0.15,1
4393,0,442,0.12,1
4394,1,394,0.3,1
4395,0,1096,0.65,1
4396,0,702,0.5,1
4397,0,923,0.1,0
4398,1,366,0.3001,1
4399,0,1096,0.25,0
4400,0,133,0.15,1
4401,0,1096,0.1,1
4402,0,1024,0.6001,1
4403,0,102,0.5,1
4404,0,1096,0.21,1
4405,0,712,0.7,0
4406,0,1096,0.375,1
4407,0,878,0.3,1
4408,1,241,0.15,1
4409,1,213,0.38,1
4410,1,213,0.4,1
4411,1,302,0.6001,1
4412,0,1096,0.52,0
4413,0,1096,0.5,1
4414,0,344,0.5,1
4415,0,679,0.8,0
4416,1,183,0.255,0
4417,0,430,0.15,1
4418,0,1096,0.49,0
4419,0,546,0.14,1
4420,1,152,0.13,0
4421,1,578,0.3001,1
4422,0,1096,0.2,0
4423,1,424,0.2,0
4424,1,243,0.3,1
4425,0,462,0.25,0
4426,1,241,0.1,1
4427,0,198,0.1,0
4428,0,1096,0.1,1
4429,0,1096,0.16399999999999998,1
4430,1,455,2.0,0
4431,1,333,0.5,1
4432,0,1096,0.3,1
4433,0,1096,0.2,0
4434,1,182,0.3001,1
4435,1,365,0.2,1
4436,1,244,0.12,1
4437,0,251,0.15,0
4438,0,657,0.8,1
4439,0,700,0.3,1
4440,0,412,0.7,1
4441,0,1096,0.255,0
4442,1,244,0.7,1
4443,0,1096,0.5,0
4444,1,274,0.36,1
4445,1,425,0.26,1
4446,0,1096,0.1,1
4447,0,449,0.3,1
4448,0,193,0.5,1
4449,1,671,1.0,1
4450,0,1033,0.2,1
4451,0,1084,0.1,1
4452,0,77,0.75,1
4453,0,1080,0.2,1
4454,1,212,0.6,1
4455,0,398,0.1,0
4456,0,1096,0.10300000000000001,1
4457,0,1096,0.7,1
4458,0,95,0.12,1
4459,0,1096,0.16,1
4460,1,272,0.3,1
4461,0,929,0.21,1
4462,0,121,2.5,0
4463,0,322,0.1,1
4464,0,172,0.1,0
4465,1,1006,0.1,1
4466,0,7,0.6,0
4467,0,1126,0.3225,1
4468,0,1093,1.6,1
4469,1,333,0.5691,1
4470,0,1069,0.25,1
4471,1,824,0.35,1
4472,0,762,0.25,0
4473,0,1096,0.3001,1
4474,0,1096,0.2,1
4475,1,213,0.38,1
4476,0,857,0.35,0
4477,0,1096,0.25,1
4478,0,833,1.5,0
4479,0,692,0.3,1
4480,0,1096,1.99,0
4481,0,362,0.525,1
4482,0,815,0.3,0
4483,0,436,1.2999,1
4484,1,272,0.1,1
4485,0,1015,1.8,1
4486,1,516,0.255,1
4487,0,899,0.75,1
4488,1,244,0.3031,1
4489,0,1073,0.25,1
4490,0,1096,0.3,1
4491,0,385,0.25,0
4492,0,901,0.28,1
4493,1,182,0.1,1
4494,0,1096,0.9,1
4495,0,554,1.0,1
4496,0,748,0.15,1
4497,1,1220,0.5,1
4498,0,77,0.2,1
4499,0,707,0.7,1
4500,0,462,0.5,1
4501,0,48,0.25,1
4502,0,84,0.5,1
4503,0,1096,0.5,1
4504,0,355,0.255,1
4505,0,330,0.3,0
4506,1,151,0.3,1
4507,1,394,0.1,1
4508,0,324,0.2,0
4509,0,1096,0.255,1
4510,0,1071,0.75,1
4511,1,395,0.12,1
4512,0,1096,0.5,1
4513,0,1096,0.15,1
4514,0,974,0.255,1
4515,0,792,0.5,0
4516,0,987,0.3,1
4517,0,1085,0.4,1
4518,0,1096,0.5,0
4519,0,140,0.3,0
4520,0,222,0.1,0
4521,0,1096,0.3,1
4522,0,17,0.1,0
4523,0,1096,0.115,1
4524,0,132,0.2526,1
4525,0,798,0.6001,1
4526,0,261,0.15,1
4527,0,1096,0.3,1
4528,1,182,0.325,1
4529,0,275,0.23,1
4530,0,719,0.15,1
4531,0,1096,0.7,0
4532,0,1096,0.6,1
4533,0,252,0.3001,1
4534,0,1064,0.5,1
4535,0,1096,1.5,0
4536,0,455,0.4,0
4537,0,1096,0.25,1
4538,0,344,0.7,1
4539,1,213,0.28,1
4540,0,272,0.5,1
4541,0,1096,0.255,1
4542,0,1046,1.6,1
4543,0,349,0.1,1
4544,0,377,0.2,1
4545,0,568,0.46,0
4546,1,182,0.22,1
4547,0,701,0.255,1
4548,0,574,0.545,1
4549,0,1096,1.0,1
4550,1,1097,0.1,1
4551,0,289,0.3,0
4552,0,1060,0.31,1
4553,0,518,0.1,0
4554,0,27,1.5,0
4555,1,243,0.255,1
4556,1,853,0.3,1
4557,0,106,1.0,0
4558,1,213,0.5,1
4559,0,441,0.5,0
4560,0,1096,0.21,1
4561,1,305,0.35,1
4562,0,38,0.4,0
4563,0,871,0.1,1
4564,1,822,0.42,1
4565,1,364,0.65,0
4566,1,213,0.3,1
4567,0,1096,0.5,0
4568,0,1096,0.5,0
4569,1,394,0.15,1
4570,0,1096,0.3001,1
4571,1,151,0.5,1
4572,0,910,0.68,1
4573,0,694,0.1,1
4574,0,995,0.8,0
4575,0,595,0.6,1
4576,1,914,0.5,1
4577,0,12,0.25,1
4578,0,413,0.3,1
4579,0,67,0.12,0
4580,0,354,0.35,1
4581,1,333,0.305,0
4582,1,729,0.5,1
4583,1,244,0.1,1
4584,1,242,0.1,1
4585,0,1096,0.66,1
4586,1,152,0.33,1
4587,0,1005,0.35,1
4588,1,1158,0.2,0
4589,0,1096,0.6,0
4590,0,1092,0.105,1
4591,1,333,0.3,1
4592,0,1096,0.35,1
4593,1,364,0.255,1
4594,0,1096,0.975,1
4595,1,916,0.1,1
4596,1,182,0.13,1
4597,0,1096,0.1,1
4598,0,264,0.3135,0
4599,1,303,0.6001,1
4600,0,1096,0.26,0
4601,0,1069,0.35,0
4602,0,238,0.3,1
4603,0,1096,1.25,1
4604,0,688,0.5,0
4605,0,1036,0.3,1
4606,0,731,0.1,0
4607,1,272,0.1,1
4608,0,1107,0.6,1
4609,1,425,0.35,1
4610,1,213,0.2,1
4611,0,540,0.3,1
4612,0,91,0.25,0
4613,0,1096,0.3,1
4614,0,234,0.1,1
4615,0,980,0.3001,0
4616,0,1085,0.45,1
4617,0,996,0.255,1
4618,0,424,0.5,0
4619,1,274,0.5,0
4620,0,1096,0.12,1
4621,1,151,0.15,1
4622,0,1096,1.2,1
4623,0,1102,0.5,1
4624,0,1096,0.3,1
4625,0,262,1.0,1
4626,1,302,0.4,0
4627,0,1096,0.1,1
4628,1,333,0.1,1
4629,0,406,0.3,1
4630,0,1096,0.3001,1
4631,0,356,0.1425,1
4632,0,1096,1.5001,1
4633,0,693,0.25,1
4634,0,201,0.25,1
4635,1,608,0.45,1
4636,1,151,0.2811,1
4637,0,893,0.5,1
4638,1,699,0.18,1
4639,0,1160,0.76,0
4640,0,819,0.7,1
4641,0,1096,0.45,0
4642,1,425,0.1,1
4643,0,482,0.3,1
4644,1,1066,0.3,1
4645,0,1014,0.35,1
4646,1,272,0.1,1
4647,0,574,0.55,1
4648,0,560,0.3,1
4649,0,475,0.4,1
4650,0,770,0.85,1
4651,1,272,0.26,0
4652,0,1096,0.5,0
4653,1,182,0.2,0
4654,0,1096,1.15,0
4655,0,124,2.0,1
4656,1,486,0.15,1
4657,0,234,0.3363,0
4658,0,688,0.1,1
4659,0,89,0.15,1
4660,0,1096,0.9,0
4661,0,326,0.67,0
4662,1,821,2.5,0
4663,0,441,0.57,0
4664,1,182,0.45,1
4665,0,1096,0.3,0
4666,1,470,1.2,0
4667,0,1096,0.75,0
4668,1,486,1.0,0
4669,0,41,0.1,1
4670,0,71,0.15,1
4671,1,548,0.255,1
4672,1,1111,0.255,1
4673,1,517,0.6001,0
4674,0,1096,0.35,1
4675,0,1044,0.35,1
4676,0,1096,0.3,1
4677,0,1096,0.3001,1
4678,1,303,0.2,1
4679,0,1096,0.3,1
4680,0,379,0.1,1
4681,0,604,0.1,0
4682,1,224,0.5,0
4683,1,183,0.4,1
4684,0,1096,0.35,0
4685,0,1096,0.5242,1
4686,1,486,0.255,1
4687,1,363,1.0,0
4688,1,547,0.65,1
4689,0,273,0.3,0
4690,0,1096,0.1,1
4691,0,273,0.1,1
4692,1,244,0.2,1
4693,0,406,0.4,1
4694,1,151,0.1,1
4695,0,913,0.44,1
4696,0,27,0.62,1
4697,0,1096,0.5,0
4698,0,300,0.8,1
4699,0,1096,0.25,1
4700,1,670,0.6,0
4701,0,1096,0.1,1
4702,0,840,2.5,1
4703,0,1096,1.2,0
4704,0,972,2.5,0
4705,0,855,0.2,0
4706,0,1096,0.4,1
4707,0,1096,0.3,0
4708,0,98,0.255,1
4709,1,456,0.72,1
4710,0,413,0.3,1
4711,0,1035,0.25,1
4712,0,1096,0.255,1
4713,0,175,0.1,0
4714,0,892,0.5,1
4715,1,333,0.3,1
4716,0,800,0.5,1
4717,1,425,0.5,1
4718,1,274,0.1,1
4719,0,200,0.45,1
4720,0,1096,0.35,1
4721,0,394,0.4999,1
4722,0,1096,0.53,1
4723,0,726,0.4,0
4724,0,968,0.215,1
4725,1,425,0.3,1
4726,0,1096,0.3001,1
4727,0,821,0.5,1
4728,0,1027,0.3,0
4729,0,1101,0.3001,1
4730,0,441,0.18,1
4731,0,565,0.5,0
4732,0,1027,0.4,1
4733,0,1065,0.255,1
4734,0,1096,0.81,1
4735,1,968,0.3,1
4736,1,303,0.2,1
4737,0,1096,0.63,0
4738,1,333,0.2,1
4739,0,1096,0.2,1
4740,0,482,2.3,0
4741,0,1096,0.1,1
4742,1,396,0.37,1
4743,1,304,0.14300000000000002,1
4744,0,390,2.5,1
4745,1,274,0.7,1
4746,0,1023,0.2,1
4747,0,656,2.1,0
4748,1,244,0.255,1
4749,0,1077,0.28,1
4750,1,272,0.255,1
4751,1,183,0.1,1
4752,0,1096,0.1391,1
4753,1,1006,0.5,1
4754,0,1096,0.3,0
4755,1,272,0.2,1
4756,0,1094,0.3001,1
4757,0,1109,0.1,1
4758,0,253,0.3,1
4759,0,1096,0.6,0
4760,0,119,0.3,0
4761,0,271,0.255,1
4762,0,89,0.3,0
4763,1,152,0.525,1
4764,0,80,0.3,0
4765,0,785,0.75,0
4766,0,749,0.42,0
4767,1,791,0.25,0
4768,0,1096,0.15,0
4769,0,1066,0.13,1
4770,0,1042,0.6,1
4771,1,242,0.1,1
4772,0,291,1.0,0
4773,1,213,0.3,1
4774,0,731,0.15,1
4775,1,213,0.75,1
4776,0,1096,0.3,0
4777,0,1096,0.3,1
4778,0,429,0.9,0
4779,1,243,0.3,0
4780,1,151,0.2,1
4781,1,152,0.3,0
4782,0,1096,0.5,0
4783,1,363,0.5,1
4784,0,895,0.255,0
4785,1,333,0.9,0
4786,0,1086,0.25,1
4787,1,364,0.15,1
4788,0,375,0.6,1
4789,1,425,0.255,1
4790,1,578,1.0,1
4791,0,391,1.1,1
4792,1,152,0.1,1
4793,1,992,0.8,1
4794,1,242,0.1,1
4795,0,437,0.15,0
4796,0,1108,0.7,1
4797,1,211,0.255,1
4798,0,261,0.3,0
4799,0,255,0.255,1
4800,0,629,0.3,1
4801,1,211,0.255,1
4802,0,181,0.5,0
4803,0,1096,0.65,1
4804,0,589,0.3001,1
4805,1,213,0.5,1
4806,0,1096,0.3,0
4807,0,708,0.6,1
4808,1,242,0.5,1
4809,1,425,0.35,0
4810,0,594,0.29,0
4811,0,1096,0.7,1
4812,1,486,0.5,1
4813,0,148,2.5,0
4814,0,1096,0.7,1
4815,0,1096,0.2,0
4816,0,798,0.2,1
4817,0,1096,0.75,1
4818,1,700,0.8,1
4819,1,152,0.15,1
4820,0,1096,0.1525,1
4821,0,186,0.1,0
4822,0,641,0.25,0
4823,0,974,0.25,1
4824,0,923,0.45,0
4825,0,1096,0.3,1
4826,1,302,2.0,0
4827,0,428,0.1,0
4828,0,1071,0.45,1
4829,1,182,0.2,1
4830,0,1096,0.6001,1
4831,0,169,0.1375,1
4832,0,301,0.5,0
4833,1,425,0.75,1
4834,1,182,0.3,1
4835,0,1096,0.175,0
4836,0,403,0.535,1
4837,0,1096,0.2,1
4838,0,1008,0.12,1
4839,0,1096,0.17,0
4840,0,1096,0.3,0
4841,0,762,1.5,0
4842,0,285,0.15,1
4843,0,792,0.1,1
4844,0,667,0.16,1
4845,0,896,0.85,1
4846,0,1102,0.825,0
4847,0,647,0.64,0
4848,0,1047,0.65,0
4849,1,486,0.25,0
4850,1,213,0.3001,1
4851,0,1096,0.12,1
4852,0,578,0.25,0
4853,0,284,0.3,1
4854,0,1043,1.0,1
4855,0,1096,0.38,1
4856,0,1016,0.1,1
4857,1,975,2.5,0
4858,1,1035,0.35,1
4859,0,274,0.3,1
4860,1,852,0.35,1
4861,1,213,0.3001,1
4862,0,1096,0.24,1
4863,0,219,0.24,0
4864,0,99,0.1,0
4865,1,303,2.5,1
4866,1,668,0.105,1
4867,0,1096,0.3,0
4868,0,82,0.2,1
4869,0,1108,0.16,0
4870,0,652,0.7,1
4871,0,1096,1.99,1
4872,0,1096,0.55,1
4873,0,447,0.25,0
4874,0,762,0.1,0
4875,0,1096,0.2,0
4876,0,658,0.3,1
4877,0,1096,0.1,1
4878,0,1012,0.5,0
4879,0,1128,0.8,1
4880,0,127,0.65,0
4881,1,946,0.3,0
4882,0,932,0.25,1
4883,0,1096,0.6,1
4884,0,1094,0.5,0
4885,0,163,0.25,0
4886,0,531,1.0,0
4887,0,636,2.5,1
4888,0,338,0.7495,0
4889,0,986,0.1,1
4890,0,1096,0.12,1
4891,0,927,1.5,0
4892,0,600,0.1,1
4893,0,690,1.3,1
4894,0,131,0.3,0
4895,0,1084,0.3,1
4896,1,364,1.0,1
4897,0,325,0.3,1
4898,0,1082,0.1,1
4899,0,1096,0.1,1
4900,0,115,0.2,0
4901,0,1096,0.31,0
4902,0,18,0.1,1
4903,0,1096,0.48,1
4904,0,637,0.1,0
4905,1,182,1.0,0
4906,1,272,0.25,0
4907,1,1097,0.255,1
4908,0,432,0.4,1
4909,0,1096,0.55,0
4910,0,1096,0.92,1
4911,1,151,0.31,1
4912,0,1044,0.1,1
4913,1,333,0.3,1
4914,1,182,0.3,1
4915,1,212,0.125,1
4916,0,1096,0.2,1
4917,0,581,0.2,0
4918,0,1096,0.55,1
4919,0,98,0.5,1
4920,0,1096,0.1,1
4921,0,1096,0.16,0
4922,0,264,1.0,1
4923,0,562,0.2,1
4924,0,1096,0.5,1
4925,0,1086,0.4,1
4926,1,394,0.31,1
4927,0,1013,2.5,0
4928,0,511,0.4,1
4929,0,1071,0.65,1
4930,0,332,0.255,0
4931,0,1096,0.255,1
4932,1,243,0.312,1
4933,0,180,0.255,0
4934,1,975,0.1,0
4935,0,603,0.23,1
4936,0,1096,0.3,1
4937,0,1107,0.5,0
4938,1,305,0.3,0
4939,0,504,0.3,1
4940,0,490,1.0,1
4941,0,1096,0.75,0
4942,1,272,0.1,1
4943,0,1096,0.55,0
4944,0,1050,2.5,1
4945,0,649,0.3,0
4946,1,364,0.305,1
4947,1,335,0.6001,1
4948,0,1096,0.5,1
4949,1,516,0.45,1
4950,0,1080,0.3,0
4951,0,50,0.75,1
4952,1,213,0.3,1
4953,1,394,0.3,1
